2358+189,J0001+192,        , , , 00:01:08.6215,  19:14:33.801, VLA_CalList
0000-177,J0003-174,        , , , 00:03:21.9969, -17:27:11.781, VLA_CalList
0001+459,J0004+462,        , , , 00:04:16.1276,  46:15:17.970, VLA_CalList
0002+200,J0004+203,        , , , 00:04:35.7576,  20:19:42.249, VLA_CalList
0002+541,J0005+544,        , , , 00:05:04.3635,  54:28:24.926, VLA_CalList
0003+380,J0005+383,        , , , 00:05:57.1754,  38:20:15.148, VLA_CalList
0003-066,J0006-063,        , , , 00:06:13.8928,  -6:23:35.335, VLA_CalList
0003-003,J0006-000,3C2     , , , 00:06:22.6338,   0:04:24.086, VLA_CalList
0004+240,J0006+243,        , , , 00:06:48.7893,  24:22:36.392, VLA_CalList
0005+114,J0008+117,        , , , 00:08:00.8394,  11:44:00.784, VLA_CalList
0005+683,J0008+686,        , , , 00:08:33.4715,  68:37:22.045, VLA_CalList
0006+061,J0009+064,        , , , 00:09:03.9327,   6:28:21.238, VLA_CalList
0006+397,J0009+400,        , , , 00:09:04.1735,  40:01:46.704, VLA_CalList
0007+205,J0010+207,        , , , 00:10:28.7425,  20:47:49.713, VLA_CalList
0007+106,J0010+109,        , , , 00:10:31.0058,  10:58:29.504, VLA_CalList
0007+171,J0010+174,        , , , 00:10:33.9906,  17:24:18.761, VLA_CalList
0008-421,J0010-418,        , , , 00:10:52.5196, -41:53:10.790, VLA_CalList
0008-264,J0011-262,        , , , 00:11:01.2467, -26:12:33.377, VLA_CalList
0008+704,J0011+707,        , , , 00:11:31.9028,  70:45:31.625, VLA_CalList
0009+081,J0011+083,        , , , 00:11:35.2696,   8:23:55.587, VLA_CalList
0010-401,J0012-399,        , , , 00:12:59.9080, -39:54:25.836, VLA_CalList
0010+463,J0013+466,        , , , 00:13:16.4888,  46:36:08.670, VLA_CalList
0010+405,J0013+408,        , , , 00:13:31.1302,  40:51:37.144, VLA_CalList
0011+189,J0013+191,        , , , 00:13:56.3760,  19:10:41.914, VLA_CalList
0012+610,J0014+612,        , , , 00:14:48.8154,  61:17:43.852, VLA_CalList
0013-005,J0016-002,        , , , 00:16:11.0885,   0:15:12.445, VLA_CalList
0014+813,J0017+815,        , , , 00:17:08.4749,  81:35:08.136, VLA_CalList
0015+529,J0017+532,        , , , 00:17:51.7598,  53:12:19.121, VLA_CalList
0016-129,J0018-127,        , , , 00:18:51.4001, -12:42:33.214, VLA_CalList
0017+200,J0019+203,        , , , 00:19:37.8545,  20:21:45.644, VLA_CalList
0017+257,J0019+260,        , , , 00:19:39.7805,  26:02:52.278, VLA_CalList
0016+731,J0019+734,        , , , 00:19:45.7864,  73:27:30.017, VLA_CalList
0017+154,J0020+156,3C9     , , , 00:20:25.3180,  15:40:52.700, VLA_CalList
0018+729,J0021+732,        , , , 00:21:27.3750,  73:12:41.931, VLA_CalList
0019+451,J0022+454,        , , , 00:22:06.6113,  45:25:33.860, VLA_CalList
0019-000,J0022+002,        , , , 00:22:25.4259,   0:14:56.161, VLA_CalList
0019+058,J0022+061,        , , , 00:22:32.4412,   6:08:04.268, VLA_CalList
0021+243,J0024+246,        , , , 00:24:27.3320,  24:39:26.300, VLA_CalList
0022-423,J0024-420,        , , , 00:24:42.9899, -42:02:03.950, VLA_CalList
0022+390,J0025+393,        , , , 00:25:26.1577,  39:19:35.439, VLA_CalList
0023-263,J0025-260,        , , , 00:25:49.1683, -26:02:12.695, VLA_CalList
0024+348,J0026+351,        , , , 00:26:41.7245,  35:08:42.276, VLA_CalList
0024+092,J0027+094,        , , , 00:27:05.7947,   9:29:57.752, VLA_CalList
0024+224,J0027+226,        , , , 00:27:15.3715,  22:41:58.068, VLA_CalList
0025+197,J0028+200,        , , , 00:28:29.8184,  20:00:26.744, VLA_CalList
0026+346,J0029+349,        , , , 00:29:14.2424,  34:56:32.246, VLA_CalList
0032+276,J0034+279,        , , , 00:34:43.4861,  27:54:25.721, VLA_CalList
0032-203,J0035-200,        , , , 00:35:08.7836, -20:03:59.664, VLA_CalList
0033+142,J0036+145,        , , , 00:36:35.1101,  14:34:03.629, VLA_CalList
0034+108,J0037+111,        , , , 00:37:26.0414,  11:09:50.920, VLA_CalList
0035+413,J0038+416,        , , , 00:38:24.8436,  41:37:06.000, VLA_CalList
0036-216,J0038-213,        , , , 00:38:29.9547, -21:20:04.022, VLA_CalList
0038+328,J0040+331,3C19    , , , 00:40:55.0596,  33:10:08.267, VLA_CalList
0038-020,J0040-017,        , , , 00:40:57.6115,  -1:46:32.025, VLA_CalList
0039+230,J0042+233,        , , , 00:42:04.5451,  23:20:01.061, VLA_CalList
0039-445,J0042-442,        , , , 00:42:09.4222, -44:14:15.581, VLA_CalList
0039+568,J0042+571,        , , , 00:42:19.4517,  57:08:36.585, VLA_CalList
0042-357,J0044-355,        , , , 00:44:41.2294, -35:30:41.628, VLA_CalList
0041+660,J0044+663,        , , , 00:44:41.2563,  66:18:41.105, VLA_CalList
0046+316,J0048+319,        , , , 00:48:47.1414,  31:57:25.085, VLA_CalList
0047+023,J0049+026,        , , , 00:49:43.2359,   2:37:03.778, VLA_CalList
0048-097,J0050-094,        , , , 00:50:41.3173,  -9:29:05.210, VLA_CalList
0048-071,J0051-068,        , , , 00:51:08.2097,  -6:50:02.228, VLA_CalList
0051-038,J0054-035,3C26    , , , 00:54:08.4465,  -3:33:55.363, VLA_CalList
0054+161,J0056+164,        , , , 00:56:55.2941,  16:25:13.338, VLA_CalList
0055+300,J0057+303,NGC315  , , , 00:57:48.8833,  30:21:08.812, VLA_CalList
0056-001,J0059+001,        , , , 00:59:05.5149,   0:06:51.621, VLA_CalList
0056-172,J0059-170,        , , , 00:59:06.6845, -17:00:38.522, VLA_CalList
0057+678,J0100+681,        , , , 01:00:51.6635,  68:08:20.534, VLA_CalList
0059+581,J0102+584,        , , , 01:02:45.7623,  58:24:11.136, VLA_CalList
0102+480,J0105+483,        , , , 01:05:49.9281,  48:19:03.192, VLA_CalList
0104-408,J0106-405,        , , , 01:06:45.1079, -40:34:19.960, VLA_CalList
0106+013,J0108+015,        , , , 01:08:38.7710,   1:35:00.317, VLA_CalList
0106+678,J0110+680,        , , , 01:10:12.8734,  68:05:41.218, VLA_CalList
0108-079,J0110-076,        , , , 01:10:50.0209,  -7:41:41.113, VLA_CalList
0107+562,J0110+565,        , , , 01:10:57.5610,  56:32:16.932, VLA_CalList
0108+388,J0111+391,        , , , 01:11:37.3169,  39:06:28.104, VLA_CalList
0109+224,J0112+227,        , , , 01:12:05.8247,  22:44:38.786, VLA_CalList
0109+351,J0112+353,        , , , 01:12:12.9444,  35:22:19.336, VLA_CalList
0110+495,J0113+498,        , , , 01:13:27.0068,  49:48:24.043, VLA_CalList
0111+021,J0113+023,        , , , 01:13:43.1449,   2:22:17.316, VLA_CalList
0111+481,J0114+483,        , , , 01:14:23.5092,  48:23:53.056, VLA_CalList
0112-017,J0115-014,        , , , 01:15:17.0999,  -1:27:04.577, VLA_CalList
0113-118,J0116-116,        , , , 01:16:12.5219, -11:36:15.434, VLA_CalList
0114-211,J0116-208,        , , , 01:16:51.4043, -20:52:06.813, VLA_CalList
0116-219,J0118-216,        , , , 01:18:57.2621, -21:41:30.139, VLA_CalList
0116+082,J0119+084,        , , , 01:19:01.2740,   8:29:54.680, VLA_CalList
0116+319,J0119+321,        , , , 01:19:35.0004,  32:10:50.054, VLA_CalList
0117-155,J0120-153,3C38    , , , 01:20:27.1972, -15:20:16.631, VLA_CalList
0118-272,J0120-270,        , , , 01:20:31.6633, -27:01:24.652, VLA_CalList
0119+115,J0121+118,        , , , 01:21:41.5950,  11:49:50.413, VLA_CalList
0119+041,J0121+043,        , , , 01:21:56.8616,   4:22:24.734, VLA_CalList
0119+247,J0122+250,        , , , 01:22:38.8159,  25:02:31.793, VLA_CalList
0122-003,J0125-000,        , , , 01:25:28.8437,   0:05:55.931, VLA_CalList
0123+257,J0126+259,        , , , 01:26:42.7926,  25:59:01.300, VLA_CalList
0127+233,J0129+236,3C43    , , , 01:29:59.8013,  23:38:20.728, VLA_CalList
0130-171,J0132-169,        , , , 01:32:43.4874, -16:54:48.521, VLA_CalList
0129+431,J0132+434,        , , , 01:32:44.1268,  43:25:32.660, VLA_CalList
0132-389,J0134-387,        , , , 01:34:32.0382, -38:43:33.514, VLA_CalList
0132-097,J0134-095,        , , , 01:34:35.6676,  -9:31:03.072, VLA_CalList
0132+079,J0135+081,3C46    , , , 01:35:14.9994,   8:11:07.106, VLA_CalList
0133-203,J0135-201,        , , , 01:35:37.5093, -20:08:45.861, VLA_CalList
0133+476,J0136+478,        , , , 01:36:58.5948,  47:51:29.100, VLA_CalList
0135-247,J0137-245,        , , , 01:37:38.3463, -24:30:53.885, VLA_CalList
0134+329,J0137+331,3C48    , , , 01:37:41.2994,  33:09:35.132, VLA_CalList
0138+136,J0141+138,3C49    , , , 01:41:09.1545,  13:53:28.033, VLA_CalList
0138-097,J0141-094,        , , , 01:41:25.8320,  -9:28:43.673, VLA_CalList
0139-273,J0141-271,        , , , 01:41:27.1913, -27:06:07.125, VLA_CalList
0142-278,J0145-275,        , , , 01:45:03.3945, -27:33:34.328, VLA_CalList
0145+386,J0148+389,        , , , 01:48:24.3776,  38:54:05.219, VLA_CalList
0146+056,J0149+059,        , , , 01:49:22.3708,   5:55:53.568, VLA_CalList
0147+187,J0149+189,        , , , 01:49:49.7189,  18:57:20.610, VLA_CalList
0147-076,J0150-074,        , , , 01:50:02.6973,  -7:25:48.488, VLA_CalList
0148+274,J0151+277,        , , , 01:51:27.1461,  27:44:41.793, VLA_CalList
0149+218,J0152+221,        , , , 01:52:18.0590,  22:07:07.700, VLA_CalList
0150-334,J0153-331,        , , , 01:53:10.1217, -33:10:25.861, VLA_CalList
0151+474,J0154+477,        , , , 01:54:56.2898,  47:43:26.539, VLA_CalList
0153-410,J0155-408,        , , , 01:55:37.0593, -40:48:42.356, VLA_CalList
0153+744,J0157+747,        , , , 01:57:34.9649,  74:42:43.229, VLA_CalList
0155-109,J0157-107,        , , , 01:57:41.5280, -10:43:40.408, VLA_CalList
0159-117,J0201-115,3C57    , , , 02:01:57.1647, -11:32:33.133, VLA_CalList
0159+723,J0203+725,        , , , 02:03:33.3850,  72:32:53.667, VLA_CalList
0201-440,J0203-438,        , , , 02:03:40.7543, -43:49:50.783, VLA_CalList
0201+113,J0203+115,        , , , 02:03:46.6570,  11:34:45.409, VLA_CalList
0202+149,J0204+152,        , , , 02:04:50.4139,  15:14:11.043, VLA_CalList
0201+365,J0204+368,        , , , 02:04:55.5960,  36:49:17.997, VLA_CalList
0202-172,J0204-170,        , , , 02:04:57.6743, -17:01:19.840, VLA_CalList
0202+319,J0205+322,        , , , 02:05:04.9253,  32:12:30.095, VLA_CalList
0205+722,J0209+724,        , , , 02:09:51.7921,  72:29:26.669, VLA_CalList
0213-026,J0215-023,        , , , 02:15:42.0172,  -2:22:56.751, VLA_CalList
0212+735,J0217+738,        , , , 02:17:30.8133,  73:49:32.621, VLA_CalList
0215+015,J0217+017,        , , , 02:17:48.9547,   1:44:49.699, VLA_CalList
0216+011,J0219+013,        , , , 02:19:07.0244,   1:20:59.865, VLA_CalList
0218-021,J0220-019,3C63    , , , 02:20:54.2800,  -1:56:51.800, VLA_CalList
0218+357,J0221+359,        , , , 02:21:05.4733,  35:56:13.791, VLA_CalList
0220-349,J0222-346,        , , , 02:22:56.4016, -34:41:28.730, VLA_CalList
0220+397,J0223+400,3C65    , , , 02:23:43.0900,  40:00:53.000, VLA_CalList
0221+276,J0224+278,3C67    , , , 02:24:12.2973,  27:50:12.016, VLA_CalList
0221+067,J0224+069,        , , , 02:24:28.4281,   6:59:23.341, VLA_CalList
0223+341,J0226+343,        , , , 02:26:10.3331,  34:21:30.286, VLA_CalList
0224+671,J0228+673,        , , , 02:28:50.0514,  67:21:03.029, VLA_CalList
0223+774,J0229+777,        , , , 02:29:14.7115,  77:43:16.113, VLA_CalList
0227+403,J0230+405,        , , , 02:30:45.7108,  40:32:53.068, VLA_CalList
0229+131,J0231+133,        , , , 02:31:45.8940,  13:22:54.716, VLA_CalList
0229-398,J0231-395,        , , , 02:31:51.7886, -39:35:45.744, VLA_CalList
0234+285,J0237+288,        , , , 02:37:52.4056,  28:48:08.990, VLA_CalList
0235+164,J0238+166,        , , , 02:38:38.9301,  16:36:59.274, VLA_CalList
0237-027,J0239-025,        , , , 02:39:45.4722,  -2:34:40.914, VLA_CalList
0237+040,J0239+042,        , , , 02:39:51.2630,   4:16:21.411, VLA_CalList
0237-233,J0240-231,        , , , 02:40:08.1745, -23:09:15.730, VLA_CalList
0238-084,J0241-082,        , , , 02:41:04.7985,  -8:15:20.751, VLA_CalList
0239+108,J0242+110,        , , , 02:42:29.1708,  11:01:00.728, VLA_CalList
0240-217,J0242-215,        , , , 02:42:35.9098, -21:32:25.935, VLA_CalList
0240-002,J0242-000,3C71    , , , 02:42:40.7343,   0:00:47.237, VLA_CalList
0241+622,J0244+624,        , , , 02:44:57.6968,  62:28:06.514, VLA_CalList
0246+061,J0249+063,        , , , 02:49:18.0161,   6:19:51.947, VLA_CalList
0248+430,J0251+432,        , , , 02:51:34.5367,  43:15:15.828, VLA_CalList
0249+383,J0253+385,        , , , 02:53:08.8881,  38:35:24.998, VLA_CalList
0250+178,J0253+180,        , , , 02:53:34.8823,  18:05:42.523, VLA_CalList
0251+393,J0254+395,        , , , 02:54:42.6321,  39:31:34.711, VLA_CalList
0256+075,J0259+077,        , , , 02:59:27.0766,   7:47:39.643, VLA_CalList
0256+424,J0259+425,        , , , 02:59:37.6943,  42:35:49.802, VLA_CalList
0259+121,J0302+123,        , , , 03:02:30.5467,  12:18:56.750, VLA_CalList
0300+470,J0303+472,        , , , 03:03:35.2422,  47:16:16.275, VLA_CalList
0259+681,J0304+683,        , , , 03:04:22.0038,  68:21:37.474, VLA_CalList
0302+625,J0306+627,        , , , 03:06:42.6595,  62:43:02.024, VLA_CalList
0306+102,J0309+104,        , , , 03:09:03.6235,  10:29:16.340, VLA_CalList
0307+380,J0310+382,        , , , 03:10:49.8799,  38:14:53.837, VLA_CalList
0310-150,J0312-148,        , , , 03:12:46.3988, -14:49:52.051, VLA_CalList
0309+411,J0313+413,        , , , 03:13:01.9621,  41:20:01.183, VLA_CalList
0311+430,J0314+432,        , , , 03:14:43.6413,  43:14:05.562, VLA_CalList
0316+162,J0318+164,        , , , 03:18:57.8026,  16:28:32.698, VLA_CalList
0316+413,J0319+415,3C84    , , , 03:19:48.1601,  41:30:42.103, VLA_CalList
0317+188,J0319+190,        , , , 03:19:51.2567,  19:01:31.290, VLA_CalList
0319+121,J0321+123,        , , , 03:21:53.1035,  12:21:13.954, VLA_CalList
0320+053,J0323+055,        , , , 03:23:20.2616,   5:34:11.890, VLA_CalList
0321+467,J0325+469,        , , , 03:25:20.3038,  46:55:06.635, VLA_CalList
0322+222,J0325+226,        , , , 03:25:36.8143,  22:24:00.365, VLA_CalList
0327-241,J0329-239,        , , , 03:29:54.0755, -23:57:08.773, VLA_CalList
0326+277,J0329+279,        , , , 03:29:57.6694,  27:56:15.499, VLA_CalList
0332-403,J0334-401,        , , , 03:34:13.6544, -40:08:25.397, VLA_CalList
0332+078,J0334+080,        , , , 03:34:53.3166,   8:00:14.418, VLA_CalList
0333+321,J0336+323,        , , , 03:36:30.1075,  32:18:29.342, VLA_CalList
0334+056,J0336+057,3C91    , , , 03:36:43.0691,   5:45:58.193, VLA_CalList
0334+014,J0337+016,        , , , 03:37:17.1133,   1:37:22.772, VLA_CalList
0334+506,J0337+507,        , , , 03:37:43.4100,  50:45:52.500, VLA_CalList
0336-019,J0339-017,        , , , 03:39:30.9377,  -1:46:35.803, VLA_CalList
0338-214,J0340-213,        , , , 03:40:35.6078, -21:19:31.172, VLA_CalList
0340+362,J0343+363,        , , , 03:43:28.9524,  36:22:12.429, VLA_CalList
0341+158,J0344+159,        , , , 03:44:23.1721,  15:59:43.369, VLA_CalList
0342+147,J0345+148,        , , , 03:45:06.4165,  14:53:49.558, VLA_CalList
0342+538,J0346+540,        , , , 03:46:34.5041,  54:00:59.100, VLA_CalList
0346-279,J0348-278,        , , , 03:48:38.1445, -27:49:13.565, VLA_CalList
0345+337,J0348+338,3C93.1  , , , 03:48:46.9045,  33:53:14.965, VLA_CalList
0345+460,J0349+461,        , , , 03:49:18.7415,  46:09:59.658, VLA_CalList
0350+465,J0354+467,        , , , 03:54:30.0116,  46:43:18.750, VLA_CalList
0349+727,J0354+729,        , , , 03:54:54.9926,  72:54:38.451, VLA_CalList
0346+800,J0354+801,        , , , 03:54:46.1259,  80:09:28.847, VLA_CalList
0354+231,J0357+233,        , , , 03:57:21.6098,  23:19:53.826, VLA_CalList
0354+599,J0359+600,        , , , 03:59:02.6399,  60:05:22.068, VLA_CalList
0355+508,J0359+509,        , , , 03:59:29.7472,  50:57:50.161, VLA_CalList
0356+322,J0359+323,        , , , 03:59:44.9129,  32:20:47.155, VLA_CalList
0357+057,J0400+058,        , , , 04:00:11.7353,   5:50:43.122, VLA_CalList
0358+040,J0401+042,        , , , 04:01:19.9128,   4:13:34.408, VLA_CalList
0400-319,J0402-317,        , , , 04:02:21.2660, -31:47:25.945, VLA_CalList
0400+258,J0403+260,        , , , 04:03:05.5860,  26:00:01.502, VLA_CalList
0402-362,J0403-360,        , , , 04:03:53.7499, -36:05:01.913, VLA_CalList
0403-132,J0405-131,        , , , 04:05:34.0034, -13:08:13.691, VLA_CalList
0402+379,J0405+380,        , , , 04:05:49.2623,  38:03:32.235, VLA_CalList
0403+064,J0406+066,        , , , 04:06:34.3072,   6:37:14.990, VLA_CalList
0405-385,J0406-384,        , , , 04:06:59.0353, -38:26:28.042, VLA_CalList
0407+075,J0407+077,        , , , 04:07:29.0870,   7:42:07.500, VLA_CalList
0405-331,J0407-330,        , , , 04:07:33.9211, -33:03:46.001, VLA_CalList
0405+305,J0408+305,        , , , 04:08:20.3775,  30:32:30.490, VLA_CalList
0406-127,J0409-126,        , , , 04:09:05.7697, -12:38:48.144, VLA_CalList
0406-180,J0409-179,        , , , 04:09:06.7000, -17:57:10.039, VLA_CalList
0406+121,J0409+122,        , , , 04:09:22.0087,  12:17:39.847, VLA_CalList
0406+386,J0409+388,        , , , 04:09:22.4024,  38:48:33.226, VLA_CalList
0404+768,J0410+769,        , , , 04:10:45.6057,  76:56:45.301, VLA_CalList
0409+000,J0412+001,        , , , 04:12:33.4564,   0:10:48.493, VLA_CalList
0409+229,J0412+230,3C108   , , , 04:12:43.6668,  23:05:05.452, VLA_CalList
0409+188,J0412+189,        , , , 04:12:45.9442,  18:56:37.076, VLA_CalList
0411-346,J0413-345,        , , , 04:13:00.9438, -34:30:10.193, VLA_CalList
0411+341,J0414+343,        , , , 04:14:37.2557,  34:18:51.207, VLA_CalList
0412+447,J0415+448,        , , , 04:15:56.5265,  44:52:49.683, VLA_CalList
0413-210,J0416-209,        , , , 04:16:04.3597, -20:56:27.517, VLA_CalList
0414-189,J0416-188,        , , , 04:16:36.5444, -18:51:08.340, VLA_CalList
0415+379,J0418+380,        , , , 04:18:21.2770,  38:01:35.800, VLA_CalList
0415+398,J0419+399,        , , , 04:19:22.5495,  39:55:28.977, VLA_CalList
0418+532,J0422+534,        , , , 04:22:44.3987,  53:24:26.263, VLA_CalList
0420+022,J0422+023,        , , , 04:22:52.2146,   2:19:26.931, VLA_CalList
0420-014,J0423-013,        , , , 04:23:15.8007,  -1:20:33.065, VLA_CalList
0420+417,J0423+418,        , , , 04:23:56.0097,  41:50:02.712, VLA_CalList
0420+347,J0423+348,3C115   , , , 04:23:53.2410,  34:51:44.540, VLA_CalList
0421+019,J0424+020,        , , , 04:24:08.5620,   2:04:24.964, VLA_CalList
0422-380,J0424-379,        , , , 04:24:42.2437, -37:56:20.784, VLA_CalList
0422+004,J0424+006,        , , , 04:24:46.8420,   0:36:06.329, VLA_CalList
0422+178,J0425+179,        , , , 04:25:24.4626,  17:55:25.122, VLA_CalList
0423+051,J0426+053,        , , , 04:26:36.6041,   5:18:19.872, VLA_CalList
0422+578,J0426+579,        , , , 04:26:53.0900,  57:55:09.400, VLA_CalList
0423+233,J0426+234,        , , , 04:26:55.7347,  23:27:39.633, VLA_CalList
0424+414,J0427+415,        , , , 04:27:46.0455,  41:33:01.099, VLA_CalList
0425+048,J0427+049,        , , , 04:27:47.5705,   4:57:08.325, VLA_CalList
0424+328,J0428+329,        , , , 04:28:05.8087,  32:59:52.043, VLA_CalList
0426-380,J0428-379,        , , , 04:28:40.4243, -37:56:19.580, VLA_CalList
0424+670,J0429+671,        , , , 04:29:06.0217,  67:10:16.561, VLA_CalList
0427-345,J0429-344,        , , , 04:29:47.2210, -34:26:41.760, VLA_CalList
0428+205,J0431+206,        , , , 04:31:03.7620,  20:37:34.250, VLA_CalList
0429+174,J0431+175,        , , , 04:31:57.3792,  17:31:35.775, VLA_CalList
0429+415,J0432+416,3C119   , , , 04:32:36.5026,  41:38:28.448, VLA_CalList
0430+052,J0433+053,3C120   , , , 04:33:11.0955,   5:21:15.619, VLA_CalList
0434-188,J0437-187,        , , , 04:37:01.4827, -18:44:48.613, VLA_CalList
0433+295,J0437+296,3C123   , , , 04:37:04.3750,  29:40:13.820, VLA_CalList
0435+487,J0438+488,        , , , 04:38:59.1078,  48:48:46.582, VLA_CalList
0437-454,J0439-453,        , , , 04:39:00.8547, -45:22:22.562, VLA_CalList
0438-436,J0440-435,        , , , 04:40:17.1799, -43:33:08.604, VLA_CalList
0439-337,J0441-336,        , , , 04:41:33.7754, -33:40:03.721, VLA_CalList
0440-003,J0442-002,        , , , 04:42:38.6607,   0:17:43.419, VLA_CalList
0440+345,J0443+346,        , , , 04:43:31.6351,  34:41:06.664, VLA_CalList
0441+106,J0444+107,        , , , 04:44:12.4660,  10:42:47.264, VLA_CalList
0442+071,J0445+072,        , , , 04:45:01.4287,   7:15:53.914, VLA_CalList
0445-221,J0447-220,        , , , 04:47:37.2822, -22:03:36.805, VLA_CalList
0446+112,J0449+113,        , , , 04:49:07.6711,  11:21:28.596, VLA_CalList
0444+634,J0449+635,        , , , 04:49:23.3105,  63:32:09.434, VLA_CalList
0448-392,J0449-391,        , , , 04:49:42.2594, -39:11:09.056, VLA_CalList
0447+408,J0450+409,        , , , 04:50:43.6791,  40:56:13.973, VLA_CalList
0451-282,J0453-281,        , , , 04:53:14.6468, -28:07:37.327, VLA_CalList
0453-206,J0455-205,        , , , 04:55:23.6635, -20:34:14.511, VLA_CalList
0454-463,J0455-462,        , , , 04:55:50.7724, -46:15:58.682, VLA_CalList
0454+039,J0456+040,        , , , 04:56:47.1747,   4:00:52.947, VLA_CalList
0454-234,J0457-234,        , , , 04:57:03.1792, -23:24:52.020, VLA_CalList
0454+066,J0457+067,        , , , 04:57:07.7099,   6:45:07.260, VLA_CalList
0457+024,J0459+024,        , , , 04:59:52.0506,   2:29:31.176, VLA_CalList
0458-020,J0501-019,        , , , 05:01:12.8098,  -1:59:14.256, VLA_CalList
0458+138,J0501+139,        , , , 05:01:45.2708,  13:56:07.220, VLA_CalList
0459+060,J0502+061,        , , , 05:02:15.4459,   6:09:07.494, VLA_CalList
0459+135,J0502+136,        , , , 05:02:33.2195,  13:38:10.958, VLA_CalList
0459+415,J0502+416,        , , , 05:02:37.9877,  41:39:19.337, VLA_CalList
0459+252,J0502+252,3C133   , , , 05:02:58.5826,  25:16:24.242, VLA_CalList
0500+019,J0503+020,        , , , 05:03:21.1971,   2:03:04.676, VLA_CalList
0502+049,J0505+049,        , , , 05:05:23.1847,   4:59:42.724, VLA_CalList
0454+844,J0508+845,        , , , 05:08:42.3635,  84:32:04.544, VLA_CalList
0506+056,J0509+056,        , , , 05:09:25.9644,   5:41:35.333, VLA_CalList
0506+101,J0509+101,        , , , 05:09:27.4570,  10:11:44.600, VLA_CalList
0507+179,J0510+180,        , , , 05:10:02.3691,  18:00:41.581, VLA_CalList
0508+138,J0511+139,        , , , 05:11:38.3196,  13:57:19.193, VLA_CalList
0509+011,J0511+011,        , , , 05:11:57.6124,   1:10:49.435, VLA_CalList
0509+152,J0512+152,        , , , 05:12:41.0129,  15:17:23.479, VLA_CalList
0511+009,J0513+010,        , , , 05:13:40.0325,   1:00:21.654, VLA_CalList
0511-220,J0513-219,        , , , 05:13:49.1143, -21:59:16.092, VLA_CalList
0514-161,J0516-160,        , , , 05:16:15.9293, -16:03:07.634, VLA_CalList
0515+067,J0517+068,        , , , 05:17:51.3441,   6:48:03.210, VLA_CalList
0515+208,J0518+209,        , , , 05:18:03.8244,  20:54:52.497, VLA_CalList
0517+454,J0520+454,        , , , 05:20:47.5200,  45:28:34.952, VLA_CalList
0518+165,J0521+166,3C138   , , , 05:21:09.8860,  16:38:22.051, VLA_CalList
0519-208,J0521-207,        , , , 05:21:38.8950, -20:47:39.388, VLA_CalList
0518+211,J0521+212,        , , , 05:21:45.9658,  21:12:51.451, VLA_CalList
0519+011,J0522+012,        , , , 05:22:17.4674,   1:13:31.186, VLA_CalList
0521-365,J0522-364,        , , , 05:22:57.9846, -36:27:30.850, VLA_CalList
0524+034,J0527+035,        , , , 05:27:32.7054,   3:31:31.516, VLA_CalList
0528-250,J0530-250,        , , , 05:30:07.9627, -25:03:29.899, VLA_CalList
0528+134,J0530+135,        , , , 05:30:56.4167,  13:31:55.149, VLA_CalList
0529+075,J0532+075,        , , , 05:32:38.9985,   7:32:43.345, VLA_CalList
0529+483,J0533+483,        , , , 05:33:15.8657,  48:22:52.807, VLA_CalList
0531+194,J0534+194,        , , , 05:34:44.5183,  19:27:21.378, VLA_CalList
0532+506,J0536+506,        , , , 05:36:20.2319,  50:38:26.251, VLA_CalList
0534-340,J0536-340,        , , , 05:36:28.4383, -34:01:11.381, VLA_CalList
0537-441,J0538-440,        , , , 05:38:50.3615, -44:05:08.939, VLA_CalList
0537-158,J0539-158,        , , , 05:39:32.0101, -15:50:30.321, VLA_CalList
0536+145,J0539+145,        , , , 05:39:42.3659,  14:33:45.561, VLA_CalList
0537-286,J0539-286,        , , , 05:39:54.2814, -28:39:55.947, VLA_CalList
0537+531,J0541+532,        , , , 05:41:16.1740,  53:12:24.834, VLA_CalList
0539-057,J0541-056,        , , , 05:41:38.0833,  -5:41:49.428, VLA_CalList
0538+474,J0541+474,        , , , 05:41:49.2454,  47:29:07.611, VLA_CalList
0538+498,J0542+498,3C147   , , , 05:42:36.1379,  49:51:07.233, VLA_CalList
0548+378,J0552+379,        , , , 05:52:17.9368,  37:54:25.281, VLA_CalList
0546+726,J0552+726,        , , , 05:52:52.9972,  72:40:45.129, VLA_CalList
0544+273,J0547+273,        , , , 05:47:34.1489,  27:21:56.842, VLA_CalList
0550+032,J0552+032,        , , , 05:52:50.1014,   3:13:27.243, VLA_CalList
0552+398,J0555+398,        , , , 05:55:30.8056,  39:48:49.165, VLA_CalList
0554+580,J0559+580,        , , , 05:59:13.3941,  58:04:03.446, VLA_CalList
0556+238,J0559+238,        , , , 05:59:32.0331,  23:53:53.926, VLA_CalList
0600+177,J0603+177,        , , , 06:03:09.1302,  17:42:16.810, VLA_CalList
0600+219,J0603+219,        , , , 06:03:51.5570,  21:59:37.697, VLA_CalList
0602-424,J0604-424,        , , , 06:04:25.1779, -42:25:29.593, VLA_CalList
0601+203,J0604+203,3C152   , , , 06:04:28.6695,  20:21:22.232, VLA_CalList
0600+442,J0604+442,        , , , 06:04:35.6287,  44:13:58.549, VLA_CalList
0602+405,J0605+405,        , , , 06:05:50.8553,  40:30:08.103, VLA_CalList
0603+476,J0607+476,        , , , 06:07:23.2549,  47:39:46.942, VLA_CalList
0602+673,J0607+673,        , , , 06:07:52.6716,  67:20:55.409, VLA_CalList
0605-085,J0607-085,        , , , 06:07:59.6992,  -8:34:49.978, VLA_CalList
0606-223,J0608-223,        , , , 06:08:59.6868, -22:20:20.955, VLA_CalList
0605+480,J0609+480,3C153   , , , 06:09:32.5364,  48:04:15.571, VLA_CalList
0607-157,J0609-157,        , , , 06:09:40.9495, -15:42:40.672, VLA_CalList
0604+728,J0610+728,        , , , 06:10:48.8721,  72:48:53.187, VLA_CalList
0611+131,J0613+131,        , , , 06:13:57.6927,  13:06:45.401, VLA_CalList
0609+607,J0614+607,        , , , 06:14:23.8661,  60:46:21.755, VLA_CalList
0614-349,J0616-349,        , , , 06:16:35.9813, -34:56:16.564, VLA_CalList
0613+570,J0617+570,        , , , 06:17:16.9225,  57:01:16.423, VLA_CalList
0615-365,J0617-365,        , , , 06:17:32.3239, -36:34:14.801, VLA_CalList
0620+389,J0624+389,        , , , 06:24:19.0213,  38:56:48.735, VLA_CalList
0622+147,J0625+146,        , , , 06:25:45.9239,  14:40:19.795, VLA_CalList
0621+446,J0625+446,        , , , 06:25:18.2653,  44:40:01.626, VLA_CalList
0615+820,J0626+820,        , , , 06:26:03.0061,  82:02:25.567, VLA_CalList
0624-058,J0627-058,3C161   , , , 06:27:10.0960,  -5:53:04.768, VLA_CalList
0627-199,J0629-199,        , , , 06:29:23.7618, -19:59:19.723, VLA_CalList
0629-418,J0631-419,        , , , 06:31:11.9980, -41:54:26.946, VLA_CalList
0627+532,J0631+531,        , , , 06:31:34.6859,  53:11:27.756, VLA_CalList
0629+104,J0632+103,        , , , 06:32:15.3269,  10:22:01.676, VLA_CalList
0629+160,J0632+159,        , , , 06:32:43.1355,  15:59:57.619, VLA_CalList
0633+596,J0638+595,        , , , 06:38:02.8719,  59:33:22.214, VLA_CalList
0637-337,J0639-337,        , , , 06:39:20.9046, -33:46:00.113, VLA_CalList
0633+734,J0639+734,        , , , 06:39:21.9611,  73:24:58.040, VLA_CalList
0636+680,J0642+679,        , , , 06:42:04.2574,  67:58:35.620, VLA_CalList
0640+090,J0643+089,        , , , 06:43:26.4517,   8:57:37.999, VLA_CalList
0642-349,J0644-349,        , , , 06:44:25.2817, -34:59:42.140, VLA_CalList
0641+393,J0644+392,        , , , 06:44:53.7095,  39:14:47.533, VLA_CalList
0642+214,J0645+213,3C166   , , , 06:45:24.0995,  21:21:51.201, VLA_CalList
0642+449,J0646+448,        , , , 06:46:32.0259,  44:51:16.590, VLA_CalList
0646-306,J0648-307,        , , , 06:48:14.0964, -30:44:19.659, VLA_CalList
0648-165,J0650-166,        , , , 06:50:24.5818, -16:37:39.725, VLA_CalList
0646+600,J0650+600,        , , , 06:50:31.2543,  60:01:44.555, VLA_CalList
0646+692,J0651+691,3C169   , , , 06:51:54.9507,  69:11:12.720, VLA_CalList
0650+371,J0653+370,        , , , 06:53:58.2828,  37:05:40.606, VLA_CalList
0650+453,J0654+452,        , , , 06:54:23.7136,  45:14:23.545, VLA_CalList
0651+410,J0655+410,        , , , 06:55:10.0247,  41:00:10.160, VLA_CalList
0651+542,J0655+541,3C171   , , , 06:55:14.8223,  54:08:58.421, VLA_CalList
0653+694,J0658+693,        , , , 06:58:46.4983,  69:20:49.695, VLA_CalList
0656+082,J0659+082,        , , , 06:59:17.9960,   8:13:30.953, VLA_CalList
0657+172,J0700+171,        , , , 07:00:01.5255,  17:09:21.701, VLA_CalList
0659+445,J0702+445,        , , , 07:02:53.6790,  44:31:11.940, VLA_CalList
0700+470,J0704+470,        , , , 07:04:09.5582,  47:00:56.039, VLA_CalList
0704-231,J0706-231,        , , , 07:06:33.4782, -23:11:37.530, VLA_CalList
0702+612,J0707+611,        , , , 07:07:00.6156,  61:10:11.607, VLA_CalList
0704+293,J0707+292,        , , , 07:07:25.9865,  29:17:18.666, VLA_CalList
0707+476,J0710+475,        , , , 07:10:46.1049,  47:32:11.142, VLA_CalList
0710+439,J0713+438,        , , , 07:13:38.1641,  43:49:17.206, VLA_CalList
0711+146,J0714+146,3C175.1 , , , 07:14:04.6352,  14:36:20.629, VLA_CalList
0711+356,J0714+355,        , , , 07:14:24.8174,  35:34:39.795, VLA_CalList
0714+457,J0717+456,        , , , 07:17:51.8524,  45:38:03.261, VLA_CalList
0718+042,J0721+041,        , , , 07:21:23.9099,   4:06:44.213, VLA_CalList
0716+714,J0721+713,        , , , 07:21:53.4484,  71:20:36.363, VLA_CalList
0722+145,J0725+144,        , , , 07:25:16.8077,  14:25:13.746, VLA_CalList
0723-008,J0725-009,        , , , 07:25:50.6399,   0:54:56.544, VLA_CalList
0718+793,J0726+791,        , , , 07:26:11.7351,  79:11:31.016, VLA_CalList
0725+147,J0728+146,3C181   , , , 07:28:10.3529,  14:37:35.989, VLA_CalList
0725+219,J0728+218,        , , , 07:28:20.6082,  21:53:06.390, VLA_CalList
0724+571,J0728+570,        , , , 07:28:49.6316,  57:01:24.374, VLA_CalList
0727-365,J0729-366,        , , , 07:29:05.4159, -36:39:45.240, VLA_CalList
0727-115,J0730-116,        , , , 07:30:19.1124, -11:41:12.600, VLA_CalList
0727+409,J0730+407,        , , , 07:30:51.3465,  40:49:50.826, VLA_CalList
0730+504,J0733+503,        , , , 07:33:52.5205,  50:22:09.062, VLA_CalList
0731+479,J0735+478,        , , , 07:35:02.3116,  47:50:08.427, VLA_CalList
0733-174,J0735-175,        , , , 07:35:45.8124, -17:35:48.502, VLA_CalList
0732+332,J0735+331,        , , , 07:35:55.5660,  33:07:09.410, VLA_CalList
0733+597,J0737+596,        , , , 07:37:30.0878,  59:41:03.215, VLA_CalList
0735+178,J0738+177,        , , , 07:38:07.3937,  17:42:18.998, VLA_CalList
0736-332,J0738-333,        , , , 07:38:16.9491, -33:22:12.777, VLA_CalList
0736-303,J0738-304,        , , , 07:38:19.7921, -30:25:04.886, VLA_CalList
0736-063,J0738-064,        , , , 07:38:57.1755,  -6:26:58.056, VLA_CalList
0736+017,J0739+016,        , , , 07:39:18.0338,   1:37:04.618, VLA_CalList
0733+705,J0739+703,3C184   , , , 07:39:23.6847,  70:23:11.739, VLA_CalList
0738+313,J0741+312,        , , , 07:41:10.7033,  31:12:00.228, VLA_CalList
0738+272,J0741+271,        , , , 07:41:25.7328,  27:06:45.391, VLA_CalList
0738+491,J0742+490,        , , , 07:42:02.7489,  49:00:15.609, VLA_CalList
0739+398,J0743+396,        , , , 07:43:09.8865,  39:41:30.780, VLA_CalList
0740+380,J0744+378,3C186   , , , 07:44:17.4612,  37:53:17.206, VLA_CalList
0741-063,J0744-064,        , , , 07:44:21.6605,  -6:29:35.888, VLA_CalList
0742+103,J0745+101,        , , , 07:45:33.0595,  10:11:12.692, VLA_CalList
0742+318,J0745+317,        , , , 07:45:41.6715,  31:42:56.615, VLA_CalList
0743-006,J0745-007,        , , , 07:45:54.0823,   0:44:17.539, VLA_CalList
0742+333,J0745+332,        , , , 07:45:59.3263,  33:13:34.130, VLA_CalList
0743+259,J0746+258,        , , , 07:46:25.8741,  25:49:02.134, VLA_CalList
0740+768,J0747+766,        , , , 07:47:14.6075,  76:39:17.271, VLA_CalList
0745-330,J0747-331,        , , , 07:47:19.6883, -33:10:47.127, VLA_CalList
0745+241,J0748+240,        , , , 07:48:36.1092,  24:00:24.110, VLA_CalList
0743+744,J0749+743,        , , , 07:49:22.4566,  74:20:41.592, VLA_CalList
0748-440,J0749-442,        , , , 07:49:42.2556, -44:12:29.519, VLA_CalList
0746+483,J0750+482,        , , , 07:50:20.4363,  48:14:53.556, VLA_CalList
0748+126,J0750+125,        , , , 07:50:52.0457,  12:31:04.828, VLA_CalList
0740+828,J0750+826,        , , , 07:50:57.7555,  82:41:58.031, VLA_CalList
0748+333,J0751+332,        , , , 07:51:53.6732,  33:13:19.817, VLA_CalList
0749+540,J0753+538,        , , , 07:53:01.3845,  53:52:59.637, VLA_CalList
0749+426,J0753+425,        , , , 07:53:03.3374,  42:31:30.765, VLA_CalList
0754+100,J0757+099,        , , , 07:57:06.6429,   9:56:34.852, VLA_CalList
0755+379,J0758+377,        , , , 07:58:28.1080,  37:47:11.810, VLA_CalList
0758+143,J0801+142,3C190   , , , 08:01:33.5010,  14:14:42.406, VLA_CalList
0759+183,J0802+181,        , , , 08:02:48.0319,  18:09:49.249, VLA_CalList
0802+103,J0804+102,3C191   , , , 08:04:47.9546,  10:15:22.548, VLA_CalList
0802-276,J0804-278,        , , , 08:04:51.4511, -27:49:11.320, VLA_CalList
0800+618,J0805+617,        , , , 08:05:18.1851,  61:44:23.658, VLA_CalList
0804-267,J0806-268,        , , , 08:06:12.7225, -26:52:33.307, VLA_CalList
0803+452,J0806+450,        , , , 08:06:33.4725,  45:04:32.272, VLA_CalList
0805-077,J0808-078,        , , , 08:08:15.5360,  -7:51:09.886, VLA_CalList
0804+499,J0808+498,        , , , 08:08:39.6662,  49:50:36.530, VLA_CalList
0805+410,J0808+408,        , , , 08:08:56.6520,  40:52:44.888, VLA_CalList
0808+019,J0811+017,        , , , 08:11:26.7073,   1:46:52.220, VLA_CalList
0809+483,J0813+482,3C196   , , , 08:13:36.0518,  48:13:02.262, VLA_CalList
0812-355,J0814-356,        , , , 08:14:14.6463, -35:38:25.593, VLA_CalList
0810+461,J0814+459,        , , , 08:14:30.3070,  45:56:39.490, VLA_CalList
0812+367,J0815+365,        , , , 08:15:25.9448,  36:35:15.148, VLA_CalList
0812-029,J0815-031,3C196.1 , , , 08:15:27.8340,  -3:08:26.847, VLA_CalList
0814+425,J0818+423,        , , , 08:18:15.9996,  42:22:45.414, VLA_CalList
0818-128,J0820-129,        , , , 08:20:57.4476, -12:58:59.169, VLA_CalList
0818+472,J0821+470,        , , , 08:21:33.8232,  47:02:37.068, VLA_CalList
0820+225,J0823+223,        , , , 08:23:24.7591,  22:23:03.288, VLA_CalList
0820+560,J0824+558,        , , , 08:24:47.2363,  55:52:42.669, VLA_CalList
0821+394,J0824+392,        , , , 08:24:55.4838,  39:16:41.904, VLA_CalList
0821+621,J0825+619,        , , , 08:25:38.6122,  61:57:28.579, VLA_CalList
0823+033,J0825+031,        , , , 08:25:50.3383,   3:09:24.520, VLA_CalList
0823-223,J0826-225,        , , , 08:26:01.5729, -22:30:27.202, VLA_CalList
0825-202,J0827-204,        , , , 08:27:17.2081, -20:26:21.716, VLA_CalList
0824+355,J0827+354,        , , , 08:27:38.5882,  35:25:05.077, VLA_CalList
0826-373,J0828-375,        , , , 08:28:04.7802, -37:31:06.280, VLA_CalList
0827+243,J0830+241,        , , , 08:30:52.0861,  24:10:59.820, VLA_CalList
0829+046,J0831+044,        , , , 08:31:48.8769,   4:29:39.085, VLA_CalList
0829+187,J0832+185,        , , , 08:32:16.0402,  18:32:12.133, VLA_CalList
0828+493,J0832+492,        , , , 08:32:23.2166,  49:13:21.038, VLA_CalList
0830+425,J0833+424,        , , , 08:33:53.8853,  42:24:01.850, VLA_CalList
0831+557,J0834+555,        , , , 08:34:54.9041,  55:34:21.070, VLA_CalList
0833-450,J0835-451,        , , , 08:35:20.6551, -45:10:35.153, VLA_CalList
0833+276,J0836+274,        , , , 08:36:22.8886,  27:28:52.533, VLA_CalList
0833+416,J0836+414,        , , , 08:36:36.8926,  41:25:54.712, VLA_CalList
0834-201,J0836-202,        , , , 08:36:39.2152, -20:16:59.503, VLA_CalList
0834-196,J0837-198,        , , , 08:37:11.1820, -19:51:56.810, VLA_CalList
0833+585,J0837+584,        , , , 08:37:22.4097,  58:25:01.845, VLA_CalList
0834+250,J0837+249,        , , , 08:37:40.2456,  24:54:23.121, VLA_CalList
0837+035,J0839+033,        , , , 08:39:49.1958,   3:19:53.858, VLA_CalList
0837+012,J0839+010,        , , , 08:39:49.6109,   1:04:26.735, VLA_CalList
0838+133,J0840+132,3C207   , , , 08:40:47.5890,  13:12:23.560, VLA_CalList
0836+710,J0841+708,        , , , 08:41:24.3652,  70:53:42.173, VLA_CalList
0839+187,J0842+185,        , , , 08:42:05.0941,  18:35:40.990, VLA_CalList
0843+575,J0847+573,        , , , 08:47:28.0600,  57:23:38.332, VLA_CalList
0843-259,J0846-261,        , , , 08:46:00.7338, -26:10:54.155, VLA_CalList
0850-206,J0853-207,        , , , 08:53:00.2659, -20:47:28.094, VLA_CalList
0850+581,J0854+579,        , , , 08:54:41.9963,  57:57:29.939, VLA_CalList
0851+202,J0854+201,        , , , 08:54:48.8749,  20:06:30.640, VLA_CalList
0855+143,J0858+141,3C212   , , , 08:58:41.5518,  14:09:44.626, VLA_CalList
0859-140,J0902-142,        , , , 09:02:16.8309, -14:15:30.875, VLA_CalList
0859+470,J0903+468,        , , , 09:03:03.9901,  46:51:04.137, VLA_CalList
0859+681,J0903+679,        , , , 09:03:53.1550,  67:57:22.686, VLA_CalList
0900+520,J0903+518,        , , , 09:03:58.5744,  51:51:00.661, VLA_CalList
0906+015,J0909+013,        , , , 09:09:10.0915,   1:21:35.617, VLA_CalList
0906+432,J0909+428,3C216   , , , 09:09:33.4970,  42:53:46.480, VLA_CalList
0912+029,J0914+027,        , , , 09:14:37.9134,   2:45:59.245, VLA_CalList
0912+297,J0915+295,        , , , 09:15:52.4016,  29:33:24.042, VLA_CalList
0913+391,J0916+389,        , , , 09:16:48.9045,  38:54:28.146, VLA_CalList
0917+449,J0920+446,        , , , 09:20:58.4584,  44:41:53.985, VLA_CalList
0919-260,J0921-263,        , , , 09:21:29.3538, -26:18:43.386, VLA_CalList
0917+624,J0921+622,        , , , 09:21:36.2310,  62:15:52.180, VLA_CalList
0920-397,J0922-399,        , , , 09:22:46.4182, -39:59:35.067, VLA_CalList
0922+005,J0925+003,        , , , 09:25:07.8150,   0:19:13.933, VLA_CalList
0923+392,J0927+390,        , , , 09:27:03.0139,  39:02:20.851, VLA_CalList
0925-203,J0927-205,        , , , 09:27:51.8243, -20:34:51.232, VLA_CalList
0925+504,J0929+502,        , , , 09:29:15.4402,  50:13:35.990, VLA_CalList
0927+352,J0930+350,        , , , 09:30:55.2790,  35:03:37.608, VLA_CalList
0929+533,J0932+531,        , , , 09:32:41.1508,  53:06:33.800, VLA_CalList
0930+493,J0934+491,        , , , 09:34:15.7622,  49:08:21.730, VLA_CalList
0933+503,J0937+501,        , , , 09:37:12.3273,  50:08:52.097, VLA_CalList
0931+834,J0939+832,3C220.3 , , , 09:39:23.5849,  83:15:27.170, VLA_CalList
0941-080,J0943-083,        , , , 09:43:36.9443,  -8:19:30.812, VLA_CalList
0941+522,J0944+520,        , , , 09:44:52.1552,  52:02:34.216, VLA_CalList
0942+468,J0945+466,        , , , 09:45:42.0926,  46:36:50.596, VLA_CalList
0945+408,J0948+406,        , , , 09:48:55.3381,  40:39:44.587, VLA_CalList
0945+664,J0949+662,        , , , 09:49:12.2100,  66:14:59.321, VLA_CalList
0949+354,J0952+352,        , , , 09:52:32.0261,  35:12:52.403, VLA_CalList
0950+748,J0954+745,        , , , 09:54:47.4420,  74:35:57.145, VLA_CalList
0952+179,J0954+177,        , , , 09:54:56.8236,  17:43:31.222, VLA_CalList
0953+254,J0956+252,        , , , 09:56:49.8753,  25:15:16.049, VLA_CalList
0954+556,J0957+553,        , , , 09:57:38.1849,  55:22:57.769, VLA_CalList
0955+476,J0958+474,        , , , 09:58:19.6716,  47:25:07.842, VLA_CalList
0955+327,J0958+324,3C232   , , , 09:58:20.9496,  32:24:02.209, VLA_CalList
0954+658,J0958+655,        , , , 09:58:47.2451,  65:33:54.818, VLA_CalList
0958+294,J1001+291,        , , , 10:01:10.2056,  29:11:37.536, VLA_CalList
0958+346,J1001+344,        , , , 10:01:11.9491,  34:24:50.459, VLA_CalList
0959+105,J1001+102,        , , , 10:01:57.7349,  10:15:49.704, VLA_CalList
0959-443,J1001-446,        , , , 10:01:59.9080, -44:38:00.603, VLA_CalList
1000+125,J1002+122,        , , , 10:02:52.8451,  12:16:14.587, VLA_CalList
1001+329,J1003+327,        , , , 10:03:57.5646,  32:44:03.542, VLA_CalList
1003+351,J1006+349,3C236   , , , 10:06:01.7500,  34:54:10.400, VLA_CalList
1004-018,J1007-021,        , , , 10:07:04.3499,  -2:07:10.917, VLA_CalList
1004+141,J1007+139,        , , , 10:07:41.4980,  13:56:29.600, VLA_CalList
1005+077,J1008+075,3C237   , , , 10:08:00.0160,   7:30:16.552, VLA_CalList
1005+066,J1008+063,        , , , 10:08:00.8161,   6:21:21.215, VLA_CalList
1003+830,J1010+828,        , , , 10:10:15.7830,  82:50:14.384, VLA_CalList
1008+066,J1011+064,3C238   , , , 10:11:00.3600,   6:24:40.200, VLA_CalList
1009+234,J1012+232,        , , , 10:12:16.3896,  23:12:14.612, VLA_CalList
1010+350,J1013+347,        , , , 10:13:49.6140,  34:45:50.783, VLA_CalList
1011+250,J1013+248,        , , , 10:13:53.4287,  24:49:16.441, VLA_CalList
1012+232,J1014+230,        , , , 10:14:47.0654,  23:01:16.570, VLA_CalList
1013+127,J1015+124,        , , , 10:15:44.0234,  12:27:07.069, VLA_CalList
1013+054,J1016+052,        , , , 10:16:03.1364,   5:13:02.340, VLA_CalList
1013+208,J1016+206,        , , , 10:16:44.3220,  20:37:47.305, VLA_CalList
1014+615,J1017+612,        , , , 10:17:25.8875,  61:16:27.496, VLA_CalList
1015-314,J1018-317,        , , , 10:18:09.2675, -31:44:13.983, VLA_CalList
1015+359,J1018+357,        , , , 10:18:10.9880,  35:42:39.441, VLA_CalList
1015+057,J1018+055,        , , , 10:18:27.8482,   5:30:29.961, VLA_CalList
1016-311,J1018-313,        , , , 10:18:28.7520, -31:23:53.878, VLA_CalList
1016+635,J1019+633,        , , , 10:19:50.8788,  63:20:01.638, VLA_CalList
1018-426,J1020-428,        , , , 10:20:03.3547, -42:51:41.536, VLA_CalList
1018+348,J1021+346,        , , , 10:21:17.4746,  34:37:21.665, VLA_CalList
1019+222,J1021+219,3C241   , , , 10:21:54.5289,  21:59:30.440, VLA_CalList
1019+309,J1022+306,        , , , 10:22:30.2992,  30:41:04.933, VLA_CalList
1020+400,J1023+398,        , , , 10:23:11.5656,  39:48:15.385, VLA_CalList
1021-006,J1024-008,        , , , 10:24:29.5866,   0:52:55.497, VLA_CalList
1022+194,J1024+192,        , , , 10:24:44.8095,  19:12:20.415, VLA_CalList
1023+131,J1025+128,        , , , 10:25:56.2853,  12:53:49.022, VLA_CalList
1025+031,J1028+029,        , , , 10:28:20.4012,   2:55:22.471, VLA_CalList
1026+055,J1029+053,        , , , 10:29:21.8307,   5:19:38.756, VLA_CalList
1028+605,J1031+603,        , , , 10:31:44.7562,  60:20:30.364, VLA_CalList
1030+415,J1033+412,        , , , 10:33:03.7078,  41:16:06.232, VLA_CalList
1030-340,J1033-343,        , , , 10:33:13.0866, -34:18:45.424, VLA_CalList
1030+398,J1033+395,        , , , 10:33:22.0609,  39:35:51.083, VLA_CalList
1030+611,J1033+608,        , , , 10:33:51.4289,  60:51:07.334, VLA_CalList
1032-199,J1035-201,        , , , 10:35:02.1552, -20:11:34.359, VLA_CalList
1031+567,J1035+564,        , , , 10:35:07.0399,  56:28:46.792, VLA_CalList
1034-293,J1037-295,        , , , 10:37:16.0797, -29:34:02.813, VLA_CalList
1036-154,J1039-156,        , , , 10:39:06.7050, -15:41:06.691, VLA_CalList
1038+064,J1041+061,        , , , 10:41:17.1625,   6:10:16.923, VLA_CalList
1039+029,J1041+027,        , , , 10:41:38.8819,   2:42:30.816, VLA_CalList
1040+123,J1042+120,3C245   , , , 10:42:44.6052,  12:03:31.264, VLA_CalList
1040+244,J1043+241,        , , , 10:43:09.0357,  24:08:35.409, VLA_CalList
1041+536,J1044+533,        , , , 10:44:10.6730,  53:22:20.541, VLA_CalList
1039+811,J1044+809,        , , , 10:44:23.0625,  80:54:39.443, VLA_CalList
1042+071,J1044+069,        , , , 10:44:55.9112,   6:55:38.262, VLA_CalList
1045-188,J1048-191,        , , , 10:48:06.6206, -19:09:35.726, VLA_CalList
1044+719,J1048+717,        , , , 10:48:27.6199,  71:43:35.938, VLA_CalList
1048-313,J1051-316,        , , , 10:51:04.7775, -31:38:14.307, VLA_CalList
1049+215,J1051+213,        , , , 10:51:48.7890,  21:19:52.314, VLA_CalList
1053+704,J1056+701,        , , , 10:56:53.6174,  70:11:45.915, VLA_CalList
1055-242,J1057-245,        , , , 10:57:55.4100, -24:33:48.871, VLA_CalList
1053+815,J1058+812,        , , , 10:58:11.5353,  81:14:32.675, VLA_CalList
1055+018,J1058+015,        , , , 10:58:29.6052,   1:33:58.823, VLA_CalList
1058+726,J1101+724,        , , , 11:01:48.8053,  72:25:37.118, VLA_CalList
1059+282,J1102+279,        , , , 11:02:14.2884,  27:57:08.689, VLA_CalList
1100+305,J1103+302,        , , , 11:03:13.3018,  30:14:42.702, VLA_CalList
1100+223,J1103+220,        , , , 11:03:23.0676,  22:03:37.720, VLA_CalList
1101-325,J1103-328,        , , , 11:03:31.5264, -32:51:16.691, VLA_CalList
1101+384,J1104+382,        , , , 11:04:27.3139,  38:12:31.799, VLA_CalList
1103-208,J1106-211,        , , , 11:06:22.3200, -21:08:59.642, VLA_CalList
1104-445,J1107-448,        , , , 11:07:08.6941, -44:49:07.618, VLA_CalList
1104+167,J1107+164,        , , , 11:07:15.0474,  16:28:02.245, VLA_CalList
1105+437,J1108+435,        , , , 11:08:23.4769,  43:30:53.657, VLA_CalList
1106+380,J1109+377,        , , , 11:09:28.8718,  37:44:30.924, VLA_CalList
1107+607,J1110+604,        , , , 11:10:13.0881,  60:28:42.566, VLA_CalList
1108+201,J1111+199,        , , , 11:11:20.0658,  19:55:36.001, VLA_CalList
1110-217,J1112-219,        , , , 11:12:49.8487, -21:58:29.351, VLA_CalList
1111+149,J1113+147,        , , , 11:13:58.6950,  14:42:26.952, VLA_CalList
1111+408,J1114+406,3C254   , , , 11:14:38.5200,  40:37:19.860, VLA_CalList
1116-462,J1118-465,        , , , 11:18:26.9575, -46:34:15.001, VLA_CalList
1116+128,J1118+125,        , , , 11:18:57.3014,  12:34:41.718, VLA_CalList
1116-027,J1119-030,3C255   , , , 11:19:25.3000,  -3:02:51.320, VLA_CalList
1117-248,J1120-251,        , , , 11:20:09.1207, -25:08:07.608, VLA_CalList
1117+146,J1120+143,        , , , 11:20:27.8072,  14:20:54.991, VLA_CalList
1118+237,J1120+234,3C256   , , , 11:20:43.0480,  23:27:54.940, VLA_CalList
1119+183,J1122+180,        , , , 11:22:29.7114,  18:05:26.343, VLA_CalList
1120+057,J1123+055,3C257   , , , 11:23:09.1206,   5:30:20.774, VLA_CalList
1123+264,J1125+261,        , , , 11:25:53.7119,  26:10:19.978, VLA_CalList
1124+455,J1126+452,        , , , 11:26:57.6549,  45:16:06.282, VLA_CalList
1124-186,J1127-189,        , , , 11:27:04.3924, -18:57:17.441, VLA_CalList
1124+571,J1127+568,        , , , 11:27:40.1350,  56:50:14.794, VLA_CalList
1125+596,J1128+594,        , , , 11:28:13.3406,  59:25:14.799, VLA_CalList
1127-145,J1130-148,        , , , 11:30:07.0525, -14:49:27.388, VLA_CalList
1128+385,J1130+382,        , , , 11:30:53.2826,  38:15:18.547, VLA_CalList
1128-047,J1131-050,        , , , 11:31:30.5167,  -5:00:19.657, VLA_CalList
1130+009,J1133+006,        , , , 11:33:20.0557,   0:40:52.837, VLA_CalList
1136-135,J1139-138,        , , , 11:39:10.7025, -13:50:43.639, VLA_CalList
1137+660,J1139+657,        , , , 11:39:58.5418,  65:47:46.454, VLA_CalList
1140-114,J1142-116,        , , , 11:42:35.0059, -11:41:47.838, VLA_CalList
1140+223,J1143+221,        , , , 11:43:25.0893,  22:06:56.069, VLA_CalList
1142-225,J1145-228,        , , , 11:45:22.0468, -22:50:31.342, VLA_CalList
1143+500,J1145+497,3C266   , , , 11:45:43.3748,  49:46:08.062, VLA_CalList
1143-245,J1146-247,        , , , 11:46:08.1033, -24:47:32.896, VLA_CalList
1143-287,J1146-289,        , , , 11:46:26.1886, -28:59:18.504, VLA_CalList
1143+590,J1146+588,        , , , 11:46:26.9116,  58:48:34.263, VLA_CalList
1144+542,J1146+539,        , , , 11:46:44.2043,  53:56:43.083, VLA_CalList
1144+402,J1146+399,        , , , 11:46:58.2979,  39:58:34.304, VLA_CalList
1144-379,J1147-382,        , , , 11:47:01.3707, -38:12:11.023, VLA_CalList
1144+352,J1147+350,        , , , 11:47:22.1306,  35:01:07.522, VLA_CalList
1145-071,J1147-074,        , , , 11:47:51.5540,  -7:24:41.141, VLA_CalList
1146+596,J1148+594,        , , , 11:48:50.3582,  59:24:56.382, VLA_CalList
1146+531,J1148+529,        , , , 11:48:56.5690,  52:54:25.323, VLA_CalList
1147+245,J1150+242,        , , , 11:50:19.2121,  24:17:53.835, VLA_CalList
1148-001,J1150-003,        , , , 11:50:43.8707,   0:23:54.204, VLA_CalList
1149+499,J1152+496,        , , , 11:52:32.8735,  49:39:38.774, VLA_CalList
1150+812,J1153+809,        , , , 11:53:12.4991,  80:58:29.154, VLA_CalList
1150+497,J1153+495,        , , , 11:53:24.4666,  49:31:08.830, VLA_CalList
1151+408,J1153+406,        , , , 11:53:54.6589,  40:36:52.618, VLA_CalList
1151-348,J1154-350,        , , , 11:54:21.7949, -35:05:28.992, VLA_CalList
1153+317,J1156+314,        , , , 11:56:18.7321,  31:28:04.305, VLA_CalList
1155+169,J1157+166,        , , , 11:57:34.8362,  16:38:59.650, VLA_CalList
1155+251,J1158+248,        , , , 11:58:25.7875,  24:50:17.963, VLA_CalList
1155+486,J1158+484,        , , , 11:58:26.7695,  48:25:16.229, VLA_CalList
1156-221,J1159-224,        , , , 11:59:11.2672, -22:28:36.902, VLA_CalList
1156-094,J1159-096,        , , , 11:59:12.7116,  -9:40:52.048, VLA_CalList
1156+295,J1159+292,        , , , 11:59:31.8339,  29:14:43.826, VLA_CalList
1157-215,J1159-218,        , , , 11:59:51.9061, -21:48:53.707, VLA_CalList
1157+732,J1200+730,3C268.1 , , , 12:00:19.0252,  73:00:45.207, VLA_CalList
1200+483,J1203+480,        , , , 12:03:29.8546,  48:03:13.629, VLA_CalList
1203-262,J1205-265,        , , , 12:05:33.2123, -26:34:04.464, VLA_CalList
1203+645,J1206+642,3C268.3 , , , 12:06:24.6868,  64:13:37.340, VLA_CalList
1204+281,J1207+279,        , , , 12:07:27.9004,  27:54:58.849, VLA_CalList
1205+544,J1208+542,        , , , 12:08:27.4994,  54:13:19.518, VLA_CalList
1206-238,J1209-241,        , , , 12:09:02.4451, -24:06:20.759, VLA_CalList
1206+439,J1209+436,        , , , 12:09:13.4256,  43:39:17.628, VLA_CalList
1206+415,J1209+413,        , , , 12:09:22.7880,  41:19:41.370, VLA_CalList
1206-399,J1209-402,        , , , 12:09:35.2433, -40:16:13.100, VLA_CalList
1207-319,J1209-322,        , , , 12:09:40.0563, -32:14:52.837, VLA_CalList
1212+171,J1215+169,        , , , 12:15:03.9791,  16:54:37.957, VLA_CalList
1213-172,J1215-175,        , , , 12:15:46.7517, -17:31:45.402, VLA_CalList
1213+350,J1215+348,        , , , 12:15:55.6010,  34:48:15.220, VLA_CalList
1214+588,J1217+585,        , , , 12:17:11.0186,  58:35:26.248, VLA_CalList
1215+303,J1217+301,        , , , 12:17:52.0819,  30:07:00.636, VLA_CalList
1215-457,J1218-460,        , , , 12:18:06.2518, -46:00:29.007, VLA_CalList
1216+487,J1219+484,        , , , 12:19:06.4147,  48:29:56.164, VLA_CalList
1218+444,J1221+441,        , , , 12:21:27.0446,  44:11:29.671, VLA_CalList
1219+285,J1221+282,        , , , 12:21:31.6905,  28:13:58.500, VLA_CalList
1219+044,J1222+042,        , , , 12:22:22.5496,   4:13:15.776, VLA_CalList
1222+037,J1224+035,        , , , 12:24:52.4219,   3:30:50.292, VLA_CalList
1222+216,J1224+213,        , , , 12:24:54.4583,  21:22:46.388, VLA_CalList
1223+395,J1225+392,        , , , 12:25:50.5690,  39:14:22.686, VLA_CalList
1225+368,J1227+365,        , , , 12:27:58.7254,  36:35:11.827, VLA_CalList
1226+023,J1229+020,3C273   , , , 12:29:06.6997,   2:03:08.598, VLA_CalList
1228+126,J1230+123,3C274   , , , 12:30:49.4233,  12:23:28.043, VLA_CalList
1232-416,J1235-418,        , , , 12:35:41.9330, -41:53:18.010, VLA_CalList
1236+077,J1239+075,        , , , 12:39:24.5883,   7:30:17.189, VLA_CalList
1237-101,J1239-103,        , , , 12:39:43.0614, -10:23:28.692, VLA_CalList
1239+376,J1242+373,        , , , 12:42:09.8123,  37:20:05.692, VLA_CalList
1239-044,J1242-047,3C275   , , , 12:42:19.6650,  -4:46:20.710, VLA_CalList
1240+381,J1242+378,        , , , 12:42:51.3690,  37:51:00.025, VLA_CalList
1242+410,J1244+408,        , , , 12:44:49.1872,  40:48:06.153, VLA_CalList
1243-072,J1246-075,        , , , 12:46:04.2321,  -7:30:46.574, VLA_CalList
1244-255,J1246-257,        , , , 12:46:46.8020, -25:47:49.288, VLA_CalList
1246+586,J1248+583,        , , , 12:48:18.7846,  58:20:28.717, VLA_CalList
1245-197,J1248-199,        , , , 12:48:23.8981, -19:59:18.587, VLA_CalList
1250+568,J1252+565,3C277.1 , , , 12:52:26.3873,  56:34:19.413, VLA_CalList
1252+119,J1254+116,        , , , 12:54:38.2556,  11:41:05.895, VLA_CalList
1253-055,J1256-057,3C279   , , , 12:56:11.1665,  -5:47:21.524, VLA_CalList
1254+571,J1256+568,        , , , 12:56:14.2339,  56:52:25.237, VLA_CalList
1254+476,J1256+473,3C280   , , , 12:56:57.2305,  47:20:19.816, VLA_CalList
1255-316,J1257-319,        , , , 12:57:59.0608, -31:55:16.851, VLA_CalList
1256-220,J1258-223,        , , , 12:58:54.4787, -22:19:31.125, VLA_CalList
1257+145,J1300+142,        , , , 13:00:20.9187,  14:17:18.531, VLA_CalList
1258+507,J1300+506,        , , , 13:00:41.2470,  50:29:36.765, VLA_CalList
1300+580,J1302+578,        , , , 13:02:52.4652,  57:48:37.609, VLA_CalList
1302-102,J1305-105,        , , , 13:05:33.0150, -10:33:19.428, VLA_CalList
1306+660,J1308+657,        , , , 13:08:22.4165,  65:44:11.781, VLA_CalList
1306+360,J1308+357,        , , , 13:08:23.6987,  35:46:37.246, VLA_CalList
1306-095,J1308-098,        , , , 13:08:39.1690,  -9:50:32.680, VLA_CalList
1307+562,J1309+559,        , , , 13:09:09.7544,  55:57:38.195, VLA_CalList
1307+121,J1309+119,        , , , 13:09:33.9324,  11:54:24.552, VLA_CalList
1308+326,J1310+323,        , , , 13:10:28.6638,  32:20:43.782, VLA_CalList
1308+471,J1310+468,        , , , 13:10:53.5915,  46:53:52.217, VLA_CalList
1308+328,J1310+325,        , , , 13:10:59.4027,  32:33:34.449, VLA_CalList
1309+555,J1311+552,        , , , 13:11:03.2109,  55:13:54.320, VLA_CalList
1308-220,J1311-222,3C283   , , , 13:11:39.3347, -22:16:41.748, VLA_CalList
1311+678,J1313+675,        , , , 13:13:27.9848,  67:35:50.376, VLA_CalList
1311+552,J1313+549,        , , , 13:13:37.8529,  54:58:23.894, VLA_CalList
1312+533,J1314+531,        , , , 13:14:43.8306,  53:06:27.730, VLA_CalList
1313-333,J1316-336,        , , , 13:16:07.9859, -33:38:59.172, VLA_CalList
1315+346,J1317+344,        , , , 13:17:36.4941,  34:25:15.932, VLA_CalList
1318+113,J1321+111,        , , , 13:21:18.8121,  11:06:49.504, VLA_CalList
1322+835,J1321+832,        , , , 13:21:45.6095,  83:16:13.422, VLA_CalList
1320-446,J1323-448,        , , , 13:23:04.2461, -44:52:33.853, VLA_CalList
1323+799,J1323+797,        , , , 13:23:51.5697,  79:42:51.847, VLA_CalList
1321+410,J1324+408,        , , , 13:24:12.0956,  40:48:11.763, VLA_CalList
1323+321,J1326+319,        , , , 13:26:16.5122,  31:54:09.515, VLA_CalList
1324+224,J1327+221,        , , , 13:27:00.8613,  22:10:50.163, VLA_CalList
1325+436,J1327+434,        , , , 13:27:20.9789,  43:26:27.989, VLA_CalList
1327+321,J1329+319,        , , , 13:29:52.8649,  31:54:11.055, VLA_CalList
1328+254,J1330+251,3C287   , , , 13:30:37.6892,  25:09:10.978, VLA_CalList
1328+307,J1331+305,3C286   , , , 13:31:08.2879,  30:30:32.958, VLA_CalList
1333+459,J1335+457,        , , , 13:35:21.9622,  45:42:38.231, VLA_CalList
1333+589,J1335+587,        , , , 13:35:25.9284,  58:44:00.291, VLA_CalList
1334-127,J1337-129,        , , , 13:37:39.7827, -12:57:24.693, VLA_CalList
1335+552,J1337+550,        , , , 13:37:49.6422,  55:01:02.117, VLA_CalList
1335-061,J1338-064,        , , , 13:38:08.0700,  -6:27:11.200, VLA_CalList
1336+391,J1338+388,3C288   , , , 13:38:49.7797,  38:51:11.850, VLA_CalList
1336-260,J1339-263,        , , , 13:39:19.8907, -26:20:30.495, VLA_CalList
1337+637,J1339+634,        , , , 13:39:23.7830,  63:28:58.425, VLA_CalList
1338+381,J1340+379,        , , , 13:40:22.9518,  37:54:43.833, VLA_CalList
1340+606,J1342+603,3C288.1 , , , 13:42:13.0249,  60:21:42.485, VLA_CalList
1342+663,J1344+661,        , , , 13:44:08.6796,  66:06:11.643, VLA_CalList
1341+144,J1344+141,        , , , 13:44:23.7421,  14:09:14.856, VLA_CalList
1343+500,J1345+497,3C289   , , , 13:45:26.3742,  49:46:32.924, VLA_CalList
1344-078,J1347-080,        , , , 13:47:01.5230,  -8:03:23.840, VLA_CalList
1345+125,J1347+122,        , , , 13:47:33.3616,  12:17:24.238, VLA_CalList
1347+539,J1349+536,        , , , 13:49:34.6566,  53:41:17.040, VLA_CalList
1346-391,J1349-393,        , , , 13:49:51.1675, -39:22:50.268, VLA_CalList
1348+308,J1350+305,        , , , 13:50:52.7362,  30:34:53.590, VLA_CalList
1349-145,J1351-148,        , , , 13:51:52.6496, -14:49:14.555, VLA_CalList
1350+316,J1352+314,3C293   , , , 13:52:17.8407,  31:26:46.680, VLA_CalList
1349-439,J1352-442,        , , , 13:52:56.5349, -44:12:40.387, VLA_CalList
1351-018,J1354-021,        , , , 13:54:06.8953,  -2:06:03.190, VLA_CalList
1353-341,J1356-343,        , , , 13:56:05.3836, -34:21:10.824, VLA_CalList
1354+195,J1357+193,        , , , 13:57:04.4366,  19:19:07.372, VLA_CalList
1354-174,J1357-177,        , , , 13:57:06.0742, -17:44:01.904, VLA_CalList
1354-152,J1357-154,        , , , 13:57:11.2449, -15:27:28.786, VLA_CalList
1355+441,J1357+438,        , , , 13:57:40.6762,  43:53:59.671, VLA_CalList
1357+769,J1357+767,        , , , 13:57:55.3715,  76:43:21.051, VLA_CalList
1356+478,J1358+476,        , , , 13:58:40.6646,  47:37:58.306, VLA_CalList
1358+624,J1400+621,        , , , 14:00:28.6526,  62:10:38.526, VLA_CalList
1402+660,J1404+658,        , , , 14:04:05.2760,  65:51:37.516, VLA_CalList
1402-012,J1404-015,        , , , 14:04:45.8954,  -1:30:21.946, VLA_CalList
1402+044,J1405+042,        , , , 14:05:01.1198,   4:15:35.818, VLA_CalList
1404+286,J1407+284,OQ208   , , , 14:07:00.3944,  28:27:14.689, VLA_CalList
1406-076,J1408-078,        , , , 14:08:56.4812,  -7:52:26.666, VLA_CalList
1406-267,J1409-269,        , , , 14:09:50.1697, -26:57:36.979, VLA_CalList
1409+524,J1411+522,3C295   , , , 14:11:20.6477,  52:12:09.141, VLA_CalList
1409+218,J1411+215,        , , , 14:11:54.8621,  21:34:23.436, VLA_CalList
1413+373,J1415+371,        , , , 14:15:28.4668,  37:06:21.162, VLA_CalList
1413+135,J1415+133,        , , , 14:15:58.8174,  13:20:23.712, VLA_CalList
1413+349,J1416+347,        , , , 14:16:04.1862,  34:44:36.427, VLA_CalList
1415+463,J1417+461,        , , , 14:17:08.1613,  46:07:05.448, VLA_CalList
1416+067,J1419+064,3C298   , , , 14:19:08.1801,   6:28:34.803, VLA_CalList
1418+546,J1419+543,        , , , 14:19:46.5974,  54:23:14.787, VLA_CalList
1417+385,J1419+383,        , , , 14:19:46.6137,  38:21:48.475, VLA_CalList
1417+273,J1419+271,        , , , 14:19:59.2970,  27:06:25.552, VLA_CalList
1419+419,J1421+417,3C299   , , , 14:21:05.8800,  41:44:49.490, VLA_CalList
1421+482,J1423+480,        , , , 14:23:06.1567,  48:02:10.845, VLA_CalList
1422-297,J1425-299,        , , , 14:25:29.1162, -29:59:54.331, VLA_CalList
1423+146,J1425+144,        , , , 14:25:49.0180,  14:24:56.902, VLA_CalList
1424+366,J1426+364,        , , , 14:26:37.0874,  36:25:09.573, VLA_CalList
1424-418,J1427-421,        , , , 14:27:56.2975, -42:06:19.437, VLA_CalList
1425-274,J1428-276,        , , , 14:28:28.1931, -27:41:51.042, VLA_CalList
1427+543,J1429+541,        , , , 14:29:21.8787,  54:06:11.122, VLA_CalList
1427+109,J1430+107,        , , , 14:30:09.7387,  10:43:26.861, VLA_CalList
1430-178,J1432-180,        , , , 14:32:57.6906, -18:01:35.248, VLA_CalList
1430-155,J1433-158,        , , , 14:33:21.4593, -15:48:44.687, VLA_CalList
1432+422,J1434+420,        , , , 14:34:05.6944,  42:03:15.991, VLA_CalList
1432+200,J1434+198,        , , , 14:34:39.7933,  19:52:00.735, VLA_CalList
1433+304,J1435+302,        , , , 14:35:35.4021,  30:12:24.520, VLA_CalList
1436+763,J1435+760,        , , , 14:35:47.1041,  76:05:25.860, VLA_CalList
1434+235,J1436+233,        , , , 14:36:40.9811,  23:21:03.259, VLA_CalList
1435+638,J1436+636,        , , , 14:36:45.8021,  63:36:37.866, VLA_CalList
1435-218,J1438-220,        , , , 14:38:09.4694, -22:04:54.748, VLA_CalList
1437+624,J1438+621,        , , , 14:38:44.7873,  62:11:54.397, VLA_CalList
1436-167,J1439-169,        , , , 14:39:28.6749, -16:59:03.082, VLA_CalList
1437-153,J1439-155,        , , , 14:39:56.8720, -15:31:50.555, VLA_CalList
1441+252,J1443+250,        , , , 14:43:56.8913,  25:01:44.500, VLA_CalList
1442+637,J1443+635,        , , , 14:43:58.6007,  63:32:26.365, VLA_CalList
1442+101,J1445+099,        , , , 14:45:16.4652,   9:58:36.072, VLA_CalList
1443-162,J1445-164,        , , , 14:45:53.3763, -16:29:01.619, VLA_CalList
1444+175,J1446+173,        , , , 14:46:35.3462,  17:21:07.581, VLA_CalList
1445-162,J1448-163,        , , , 14:48:15.0541, -16:20:24.548, VLA_CalList
1448+762,J1448+760,        , , , 14:48:28.7788,  76:01:11.597, VLA_CalList
1446+042,J1448+040,        , , , 14:48:50.3610,   4:02:19.892, VLA_CalList
1448+634,J1449+632,3C305   , , , 14:49:21.7153,  63:16:14.465, VLA_CalList
1448+093,J1450+091,        , , , 14:50:31.1689,   9:10:27.955, VLA_CalList
1451+270,J1453+268,        , , , 14:53:53.6006,  26:48:33.410, VLA_CalList
1451-375,J1454-377,        , , , 14:54:27.4097, -37:47:33.144, VLA_CalList
1451-400,J1454-402,        , , , 14:54:32.9123, -40:12:32.514, VLA_CalList
1455+080,J1457+078,        , , , 14:57:38.1287,   7:49:54.714, VLA_CalList
1456+375,J1458+373,        , , , 14:58:44.7944,  37:20:21.622, VLA_CalList
1456+044,J1458+042,        , , , 14:58:59.3562,   4:16:13.820, VLA_CalList
1458+718,J1459+716,3C309.1 , , , 14:59:07.5838,  71:40:19.867, VLA_CalList
1459+481,J1500+478,        , , , 15:00:48.6541,  47:51:15.538, VLA_CalList
1502+106,J1504+104,        , , , 15:04:24.9797,  10:29:39.198, VLA_CalList
1502+036,J1505+034,        , , , 15:05:06.4771,   3:26:30.812, VLA_CalList
1504+377,J1506+375,        , , , 15:06:09.5299,  37:30:51.132, VLA_CalList
1505+428,J1506+426,        , , , 15:06:53.0418,  42:39:23.035, VLA_CalList
1504-166,J1507-168,        , , , 15:07:04.7869, -16:52:30.267, VLA_CalList
1505+044,J1507+042,        , , , 15:07:59.7320,   4:15:11.978, VLA_CalList
1508+572,J1510+570,        , , , 15:10:02.9223,  57:02:43.375, VLA_CalList
1508-055,J1510-057,        , , , 15:10:53.5914,  -5:43:07.417, VLA_CalList
1509+054,J1511+053,        , , , 15:11:41.2652,   5:18:09.264, VLA_CalList
1510-089,J1512-090,        , , , 15:12:50.5329,  -9:05:59.829, VLA_CalList
1511+238,J1513+236,        , , , 15:13:40.1856,  23:38:35.200, VLA_CalList
1511-100,J1513-102,        , , , 15:13:44.8934, -10:12:00.264, VLA_CalList
1511-210,J1513-212,        , , , 15:13:56.9701, -21:14:57.506, VLA_CalList
1514+004,J1516+002,        , , , 15:16:40.2190,   0:15:01.908, VLA_CalList
1514+197,J1516+195,        , , , 15:16:56.7961,  19:32:12.991, VLA_CalList
1514-241,J1517-243,        , , , 15:17:41.8131, -24:22:19.475, VLA_CalList
1517+204,J1520+202,3C318   , , , 15:20:05.4897,  20:16:05.611, VLA_CalList
1518+045,J1521+043,        , , , 15:21:22.5435,   4:20:30.133, VLA_CalList
1520+437,J1521+436,        , , , 15:21:49.6138,  43:36:39.267, VLA_CalList
1519-273,J1522-275,        , , , 15:22:37.6759, -27:30:10.785, VLA_CalList
1522+155,J1524+153,        , , , 15:24:41.6114,  15:21:21.051, VLA_CalList
1522+113,J1525+111,        , , , 15:25:02.9340,  11:07:44.060, VLA_CalList
1524-136,J1526-138,        , , , 15:26:59.4407, -13:51:00.163, VLA_CalList
1526+670,J1526+668,        , , , 15:26:42.8742,  66:50:54.641, VLA_CalList
1531+722,J1531+721,        , , , 15:31:33.5784,  72:06:41.227, VLA_CalList
1532+016,J1534+015,        , , , 15:34:52.4536,   1:31:04.206, VLA_CalList
1534+501,J1535+499,        , , , 15:35:52.0389,  49:57:39.079, VLA_CalList
1535+004,J1538+003,        , , , 15:38:15.9530,   0:19:05.324, VLA_CalList
1538+149,J1540+147,        , , , 15:40:49.4915,  14:47:45.884, VLA_CalList
1540-077,J1543-079,        , , , 15:43:01.6875,  -7:57:06.629, VLA_CalList
1542+042,J1544+041,        , , , 15:44:59.4273,   4:07:46.357, VLA_CalList
1543+517,J1545+515,        , , , 15:45:02.8236,  51:35:00.873, VLA_CalList
1543+480,J1545+478,        , , , 15:45:08.5298,  47:51:54.664, VLA_CalList
1543+005,J1546+004,        , , , 15:46:09.5314,   0:26:24.614, VLA_CalList
1547+507,J1549+506,        , , , 15:49:17.4685,  50:38:05.788, VLA_CalList
1546+027,J1549+026,        , , , 15:49:29.4368,   2:37:01.163, VLA_CalList
1547+215,J1549+214,3C324   , , , 15:49:49.0236,  21:25:38.856, VLA_CalList
1548+056,J1550+054,        , , , 15:50:35.2692,   5:27:10.448, VLA_CalList
1550+582,J1551+581,        , , , 15:51:58.2078,  58:06:44.453, VLA_CalList
1551+130,J1553+129,        , , , 15:53:32.6978,  12:56:51.716, VLA_CalList
1550-269,J1554-270,        , , , 15:54:02.4697, -27:04:40.233, VLA_CalList
1553+202,J1556+200,3C326.1 , , , 15:56:10.0181,  20:04:20.452, VLA_CalList
1555+001,J1557-000,        , , , 15:57:51.4339,   0:01:50.413, VLA_CalList
1555-140,J1558-141,        , , , 15:58:21.9480, -14:09:59.050, VLA_CalList
1557+032,J1559+030,        , , , 15:59:30.9726,   3:04:48.256, VLA_CalList
1600+335,J1602+334,        , , , 16:02:07.2634,  33:26:53.072, VLA_CalList
1602+576,J1603+575,        , , , 16:03:55.9315,  57:30:54.412, VLA_CalList
1600-445,J1604-446,        , , , 16:04:31.0247, -44:41:31.909, VLA_CalList
1602+014,J1604+012,3C327.1 , , , 16:04:45.2917,   1:17:51.222, VLA_CalList
1602-174,J1605-175,        , , , 16:05:02.1926, -17:34:14.406, VLA_CalList
1604+315,J1606+314,        , , , 16:06:08.5184,  31:24:46.457, VLA_CalList
1604-333,J1607-335,        , , , 16:07:34.7623, -33:31:08.913, VLA_CalList
1606+106,J1608+104,        , , , 16:08:46.2031,  10:29:07.775, VLA_CalList
1607+268,J1609+266,        , , , 16:09:13.3207,  26:41:29.036, VLA_CalList
1611+343,J1613+342,        , , , 16:13:41.0642,  34:12:47.909, VLA_CalList
1614+051,J1616+049,        , , , 16:16:37.5568,   4:59:32.736, VLA_CalList
1615+029,J1617+027,        , , , 16:17:49.9081,   2:46:43.105, VLA_CalList
1616+063,J1619+062,        , , , 16:19:03.6876,   6:13:02.243, VLA_CalList
1617+229,J1619+227,        , , , 16:19:14.8246,  22:47:47.851, VLA_CalList
1619+491,J1620+490,        , , , 16:20:31.2251,  49:01:53.257, VLA_CalList
1622+665,J1623+664,        , , , 16:23:04.5216,  66:24:01.078, VLA_CalList
1621-115,J1623-116,        , , , 16:23:59.5170, -11:40:43.790, VLA_CalList
1623+578,J1624+576,        , , , 16:24:24.8075,  57:41:16.280, VLA_CalList
1623+569,J1624+568,        , , , 16:24:32.1795,  56:52:28.001, VLA_CalList
1622-253,J1625-254,        , , , 16:25:46.8916, -25:27:38.326, VLA_CalList
1622-310,J1625-311,        , , , 16:25:55.4381, -31:08:08.341, VLA_CalList
1624+416,J1625+415,        , , , 16:25:57.6697,  41:34:40.629, VLA_CalList
1622-297,J1626-298,        , , , 16:26:06.0208, -29:51:26.971, VLA_CalList
1629+680,J1629+679,        , , , 16:29:51.8440,  67:57:14.948, VLA_CalList
1629+495,J1631+494,        , , , 16:31:16.5398,  49:27:39.515, VLA_CalList
1637+826,J1632+825,        , , , 16:32:31.9699,  82:32:16.399, VLA_CalList
1634+628,J1634+627,3C343   , , , 16:34:33.8029,  62:45:35.903, VLA_CalList
1633+382,J1635+381,        , , , 16:35:15.4929,  38:08:04.500, VLA_CalList
1636+473,J1637+472,        , , , 16:37:45.1305,  47:17:33.831, VLA_CalList
1637+574,J1638+573,        , , , 16:38:13.4562,  57:20:23.979, VLA_CalList
1637+626,J1638+625,3C343.1 , , , 16:38:28.2058,  62:34:44.318, VLA_CalList
1654+866,J1639+865,        , , , 16:39:25.1184,  86:31:53.194, VLA_CalList
1638+540,J1639+539,        , , , 16:39:39.8429,  53:57:47.118, VLA_CalList
1638+398,J1640+397,        , , , 16:40:29.6327,  39:46:46.028, VLA_CalList
1638+124,J1640+123,        , , , 16:40:47.9388,  12:20:02.078, VLA_CalList
1642+690,J1642+689,        , , , 16:42:07.8485,  68:56:39.756, VLA_CalList
1641+399,J1642+398,3C345   , , , 16:42:58.8099,  39:48:36.993, VLA_CalList
1645+635,J1645+635,        , , , 16:45:58.5526,  63:30:10.922, VLA_CalList
1645+410,J1646+409,        , , , 16:46:56.8586,  40:59:17.172, VLA_CalList
1643-223,J1646-224,        , , , 16:46:04.7335, -22:27:59.903, VLA_CalList
1647-296,J1650-297,        , , , 16:50:39.5441, -29:43:46.954, VLA_CalList
1648+015,J1651+014,        , , , 16:51:03.6623,   1:29:23.458, VLA_CalList
1652+398,J1653+397,        , , , 16:53:52.2166,  39:45:36.608, VLA_CalList
1656+571,J1657+570,        , , , 16:57:20.7089,  57:05:53.503, VLA_CalList
1656+482,J1657+481,        , , , 16:57:46.8789,  48:08:33.041, VLA_CalList
1656+347,J1658+347,        , , , 16:58:01.4192,  34:43:28.402, VLA_CalList
1656+477,J1658+476,        , , , 16:58:02.7796,  47:37:49.231, VLA_CalList
1655+077,J1658+076,        , , , 16:58:09.0114,   7:41:27.540, VLA_CalList
1656+053,J1658+052,        , , , 16:58:33.4473,   5:15:16.444, VLA_CalList
1656-075,J1658-076,        , , , 16:58:44.0610,  -7:39:17.629, VLA_CalList
1700+685,J1700+685,        , , , 17:00:09.2929,  68:30:06.962, VLA_CalList
1657-261,J1700-261,        , , , 17:00:53.1540, -26:10:51.725, VLA_CalList
1657-298,J1701-299,        , , , 17:01:09.7599, -29:54:39.229, VLA_CalList
1705+456,J1707+456,        , , , 17:07:17.7534,  45:36:10.552, VLA_CalList
1705+018,J1707+018,        , , , 17:07:34.4152,   1:48:45.699, VLA_CalList
1706-174,J1709-174,        , , , 17:09:34.3453, -17:28:53.364, VLA_CalList
1709+460,J1710+460,3C352   , , , 17:10:44.0516,  46:01:29.588, VLA_CalList
1709-281,J1712-281,        , , , 17:12:57.0055, -28:09:33.056, VLA_CalList
1711-251,J1714-252,        , , , 17:14:47.8570, -25:14:35.144, VLA_CalList
1714+219,J1716+218,        , , , 17:16:11.1906,  21:52:13.667, VLA_CalList
1716+686,J1716+686,        , , , 17:16:13.9380,  68:36:38.744, VLA_CalList
1717+178,J1719+177,        , , , 17:19:13.0484,  17:45:06.436, VLA_CalList
1717+083,J1719+082,        , , , 17:19:52.2062,   8:17:03.553, VLA_CalList
1717-358,J1720-358,        , , , 17:20:21.8042, -35:52:47.708, VLA_CalList
1719+356,J1721+357,        , , , 17:21:09.4910,  35:42:16.063, VLA_CalList
1722+401,J1724+400,        , , , 17:24:05.4288,  40:04:36.456, VLA_CalList
1726+455,J1727+455,        , , , 17:27:27.6508,  45:30:39.731, VLA_CalList
1725+123,J1728+122,        , , , 17:28:07.0512,  12:15:39.486, VLA_CalList
1727+502,J1728+502,        , , , 17:28:18.6238,  50:13:10.470, VLA_CalList
1725+044,J1728+044,        , , , 17:28:24.9527,   4:27:04.914, VLA_CalList
1730-130,J1733-130,        , , , 17:33:02.7057, -13:04:49.548, VLA_CalList
1732+389,J1734+389,        , , , 17:34:20.5785,  38:57:51.443, VLA_CalList
1732+094,J1734+094,        , , , 17:34:58.3769,   9:26:58.260, VLA_CalList
1734+363,J1735+362,        , , , 17:35:48.0866,  36:16:45.611, VLA_CalList
1734+508,J1735+508,        , , , 17:35:49.0051,  50:49:11.565, VLA_CalList
1734+063,J1737+063,        , , , 17:37:13.7290,   6:21:03.572, VLA_CalList
1738+499,J1739+499,        , , , 17:39:27.3904,  49:55:03.368, VLA_CalList
1738+476,J1739+476,        , , , 17:39:57.1290,  47:37:58.361, VLA_CalList
1739+522,J1740+521,        , , , 17:40:36.9778,  52:11:43.407, VLA_CalList
1740-309,J1743-309,        , , , 17:43:17.8801, -30:58:17.697, VLA_CalList
1741-038,J1743-038,        , , , 17:43:58.8561,  -3:50:04.616, VLA_CalList
1741-312,J1744-312,        , , , 17:44:23.5826, -31:16:35.986, VLA_CalList
1742+402,J1744+402,        , , , 17:44:25.0958,  40:14:48.140, VLA_CalList
1742-078,J1745-078,        , , , 17:45:27.1040,  -7:53:03.600, VLA_CalList
1743+173,J1745+173,        , , , 17:45:35.2081,  17:20:01.423, VLA_CalList
1742-289,J1745-290,SgrA*   , , , 17:45:40.0383, -29:00:28.069, VLA_CalList
1745+624,J1746+624,        , , , 17:46:14.0341,  62:26:54.738, VLA_CalList
1746+470,J1747+469,        , , , 17:47:26.6472,  46:58:50.926, VLA_CalList
1749+701,J1748+700,        , , , 17:48:32.8402,  70:05:50.768, VLA_CalList
1747+433,J1749+433,        , , , 17:49:00.3604,  43:21:51.286, VLA_CalList
1749+096,J1751+096,        , , , 17:51:32.8185,   9:39:00.728, VLA_CalList
1748-253,J1751-253,        , , , 17:51:51.2630, -25:24:00.060, VLA_CalList
1751+441,J1753+441,        , , , 17:53:22.6479,  44:09:45.686, VLA_CalList
1751+288,J1753+288,        , , , 17:53:42.4736,  28:48:04.939, VLA_CalList
1755+578,J1756+578,        , , , 17:56:03.6283,  57:48:47.997, VLA_CalList
1754+155,J1756+155,        , , , 17:56:53.1049,  15:35:20.826, VLA_CalList
1756+237,J1759+237,        , , , 17:59:00.3580,  23:43:46.953, VLA_CalList
1758+388,J1800+388,        , , , 18:00:24.7653,  38:48:30.697, VLA_CalList
1803+784,J1800+784,        , , , 18:00:45.6839,  78:28:04.018, VLA_CalList
1800+440,J1801+440,        , , , 18:01:32.3148,  44:04:21.900, VLA_CalList
1759+138,J1801+138,        , , , 18:01:38.8991,  13:51:23.750, VLA_CalList
1801+010,J1804+010,        , , , 18:04:15.9846,   1:01:32.407, VLA_CalList
1802+110,J1805+110,3C368   , , , 18:05:06.4458,  11:01:31.642, VLA_CalList
1805+616,J1806+616,        , , , 18:06:19.9458,  61:41:18.329, VLA_CalList
1807+698,J1806+698,3C371   , , , 18:06:50.6806,  69:49:28.108, VLA_CalList
1806+456,J1808+457,        , , , 18:08:21.8859,  45:42:20.866, VLA_CalList
1807+279,J1809+279,        , , , 18:09:11.9785,  27:58:11.799, VLA_CalList
1809+568,J1810+567,        , , , 18:10:03.3191,  56:49:22.968, VLA_CalList
1808-209,J1811-209,        , , , 18:11:06.8000, -20:55:03.444, VLA_CalList
1810-068,J1812-068,        , , , 18:12:50.9419,  -6:48:23.853, VLA_CalList
1811+430,J1813+430,        , , , 18:13:14.6894,  43:04:15.676, VLA_CalList
1812+412,J1814+412,        , , , 18:14:22.7062,  41:13:05.608, VLA_CalList
1815+614,J1815+614,        , , , 18:15:36.7920,  61:27:11.647, VLA_CalList
1817-098,J1820-097,        , , , 18:20:38.1071,  -9:47:17.071, VLA_CalList
1817-254,J1820-254,        , , , 18:20:57.8486, -25:28:12.584, VLA_CalList
1820+397,J1821+397,        , , , 18:21:59.7006,  39:45:59.656, VLA_CalList
1819+159,J1822+160,        , , , 18:22:09.9689,  16:00:14.843, VLA_CalList
1819-131,J1822-131,        , , , 18:22:10.9030, -13:09:44.230, VLA_CalList
1819-096,J1822-096,        , , , 18:22:28.7042,  -9:38:56.835, VLA_CalList
1826+796,J1823+796,        , , , 18:23:14.1087,  79:38:49.002, VLA_CalList
1821+107,J1824+107,        , , , 18:24:02.8552,  10:44:23.774, VLA_CalList
1823+568,J1824+568,        , , , 18:24:07.0683,  56:51:01.490, VLA_CalList
1824+185,J1826+185,        , , , 18:26:17.7108,  18:31:52.889, VLA_CalList
1827+645,J1828+645,        , , , 18:28:09.8576,  64:34:16.033, VLA_CalList
1828+487,J1829+487,3C380   , , , 18:29:31.7832,  48:44:46.161, VLA_CalList
1828+399,J1829+399,        , , , 18:29:56.5202,  39:57:34.703, VLA_CalList
1827+062,J1830+063,        , , , 18:30:05.9398,   6:19:15.952, VLA_CalList
1827-360,J1830-360,        , , , 18:30:58.8829, -36:02:30.132, VLA_CalList
1829-106,J1832-105,        , , , 18:32:20.8360, -10:35:11.200, VLA_CalList
1830+074,J1832+075,        , , , 18:32:41.9891,   7:31:55.124, VLA_CalList
1830+139,J1832+139,        , , , 18:32:43.4711,  13:57:44.400, VLA_CalList
1830+285,J1832+285,        , , , 18:32:50.1856,  28:33:35.955, VLA_CalList
1830-210,J1833-210,        , , , 18:33:39.9150, -21:03:40.050, VLA_CalList
1831-126,J1834-126,        , , , 18:34:19.2165, -12:37:40.945, VLA_CalList
1834+612,J1835+613,        , , , 18:35:19.6752,  61:19:40.014, VLA_CalList
1836+040,J1838+040,        , , , 18:38:48.8290,   4:04:24.669, VLA_CalList
1839+389,J1840+390,        , , , 18:40:57.1542,  39:00:45.724, VLA_CalList
1845+797,J1842+797,        , , , 18:42:08.9899,  79:46:17.128, VLA_CalList
1842+681,J1842+681,        , , , 18:42:33.6416,  68:09:25.227, VLA_CalList
1843+400,J1845+401,        , , , 18:45:11.1314,  40:07:51.577, VLA_CalList
1843+356,J1845+356,        , , , 18:45:35.1088,  35:41:16.726, VLA_CalList
1846+322,J1848+323,        , , , 18:48:22.0885,  32:19:02.603, VLA_CalList
1846+326,J1848+327,        , , , 18:48:34.3611,  32:44:00.139, VLA_CalList
1849+670,J1849+670,        , , , 18:49:16.0723,  67:05:41.679, VLA_CalList
1848+283,J1850+284,        , , , 18:50:27.5898,  28:25:13.155, VLA_CalList
1849+005,J1851+005,        , , , 18:51:46.7217,   0:35:32.414, VLA_CalList
1851+488,J1852+489,        , , , 18:52:28.5478,  48:55:47.481, VLA_CalList
1850+402,J1852+403,        , , , 18:52:30.3725,  40:19:06.608, VLA_CalList
1856+737,J1854+738,        , , , 18:54:57.2999,  73:51:19.907, VLA_CalList
1854+061,J1856+061,        , , , 18:56:31.8386,   6:10:16.754, VLA_CalList
1857+129,J1859+129,3C394   , , , 18:59:23.3972,  12:59:11.921, VLA_CalList
1859-235,J1902-234,        , , , 19:02:49.2525, -23:29:52.084, VLA_CalList
1901+319,J1902+319,3C395   , , , 19:02:55.9388,  31:59:41.702, VLA_CalList
1908-201,J1911-201,        , , , 19:11:09.6528, -20:06:55.109, VLA_CalList
1910+375,J1912+376,        , , , 19:12:25.1236,  37:40:36.644, VLA_CalList
1915+657,J1915+658,        , , , 19:15:23.8191,  65:48:46.384, VLA_CalList
1920+154,J1922+155,        , , , 19:22:34.6991,  15:30:10.032, VLA_CalList
1920-211,J1923-210,        , , , 19:23:32.1898, -21:04:33.333, VLA_CalList
1922+333,J1924+334,        , , , 19:24:17.4839,  33:29:29.724, VLA_CalList
1922+155,J1924+156,        , , , 19:24:39.4558,  15:40:43.941, VLA_CalList
1921-293,J1924-292,        , , , 19:24:51.0559, -29:14:30.121, VLA_CalList
1923+210,J1925+211,        , , , 19:25:59.6053,  21:06:26.162, VLA_CalList
1926+611,J1927+612,        , , , 19:27:30.4426,  61:17:32.879, VLA_CalList
1928+738,J1927+739,        , , , 19:27:48.4951,  73:58:01.569, VLA_CalList
1926+087,J1928+088,        , , , 19:28:40.8554,   8:48:48.413, VLA_CalList
1929+226,J1931+227,        , , , 19:31:24.9167,  22:43:31.258, VLA_CalList
1932+204,J1935+205,        , , , 19:35:10.4728,  20:31:54.154, VLA_CalList
1936+714,J1936+715,        , , , 19:36:03.5607,  71:31:31.785, VLA_CalList
1933-400,J1937-399,        , , , 19:37:16.2173, -39:58:01.553, VLA_CalList
1936-155,J1939-154,        , , , 19:39:26.6577, -15:25:43.058, VLA_CalList
1937-101,J1939-100,        , , , 19:39:57.2565, -10:02:41.521, VLA_CalList
1938-155,J1941-154,        , , , 19:41:15.0289, -15:24:31.309, VLA_CalList
1939+103,J1941+104,        , , , 19:41:56.0453,  10:26:48.483, VLA_CalList
1943+546,J1944+548,        , , , 19:44:31.5126,  54:48:07.063, VLA_CalList
1946+708,J1945+709,        , , , 19:45:53.5199,  70:55:48.732, VLA_CalList
1946-200,J1949-199,        , , , 19:49:53.4201, -19:57:13.330, VLA_CalList
1947+079,J1950+081,        , , , 19:50:05.5403,   8:07:13.981, VLA_CalList
1950+573,J1951+574,        , , , 19:51:06.9825,  57:27:17.176, VLA_CalList
1951+355,J1953+356,        , , , 19:53:30.8757,  35:37:59.358, VLA_CalList
1952+138,J1955+139,        , , , 19:55:11.5714,  13:58:16.240, VLA_CalList
1954+513,J1955+515,        , , , 19:55:42.7382,  51:31:48.546, VLA_CalList
1953-077,J1956-076,3C404   , , , 19:56:11.0910,  -7:36:54.567, VLA_CalList
1953-325,J1956-324,        , , , 19:56:59.4858, -32:25:46.277, VLA_CalList
1955+335,J1957+336,        , , , 19:57:40.5499,  33:38:27.944, VLA_CalList
1954-388,J1957-387,        , , , 19:57:59.8192, -38:45:06.356, VLA_CalList
1958-179,J2000-178,        , , , 20:00:57.0904, -17:48:57.672, VLA_CalList
2000+472,J2002+474,        , , , 20:02:10.4182,  47:25:28.773, VLA_CalList
2000-330,J2003-328,        , , , 20:03:24.1163, -32:51:45.132, VLA_CalList
2001+304,J2003+305,        , , , 20:03:30.2447,  30:34:30.785, VLA_CalList
2003+662,J2003+664,        , , , 20:03:54.5151,  66:25:56.377, VLA_CalList
2007+777,J2005+778,        , , , 20:05:30.9985,  77:52:43.247, VLA_CalList
2002-375,J2005-373,        , , , 20:05:55.0728, -37:23:41.191, VLA_CalList
2005+642,J2006+644,        , , , 20:06:17.6946,  64:24:45.417, VLA_CalList
2007+659,J2007+661,        , , , 20:07:28.7710,  66:07:22.535, VLA_CalList
2005+403,J2007+404,        , , , 20:07:44.9448,  40:29:48.604, VLA_CalList
2004-447,J2007-445,        , , , 20:07:55.1880, -44:34:43.102, VLA_CalList
2007+520,J2008+522,        , , , 20:08:56.4180,  52:13:31.959, VLA_CalList
2007+249,J2009+250,        , , , 20:09:25.1077,  25:05:47.548, VLA_CalList
2010+723,J2009+724,        , , , 20:09:52.3038,  72:29:19.351, VLA_CalList
2008-068,J2011-067,        , , , 20:11:14.2158,  -6:44:03.555, VLA_CalList
2008-159,J2011-157,        , , , 20:11:15.7109, -15:46:40.253, VLA_CalList
2010+463,J2012+464,        , , , 20:12:05.6374,  46:28:55.776, VLA_CalList
2013+370,J2015+371,        , , , 20:15:28.7333,  37:10:59.505, VLA_CalList
2013+340,J2015+341,        , , , 20:15:28.8318,  34:10:39.409, VLA_CalList
2015+657,J2015+659,        , , , 20:15:55.3687,  65:54:52.659, VLA_CalList
2013+163,J2016+165,        , , , 20:16:13.8600,  16:32:34.112, VLA_CalList
2018+231,J2021+233,3C409   , , , 20:21:03.4761,  23:18:35.672, VLA_CalList
2021+614,J2022+616,        , , , 20:22:06.6816,  61:36:58.804, VLA_CalList
2023+760,J2022+761,        , , , 20:22:35.5759,  76:11:26.171, VLA_CalList
2021+317,J2023+318,        , , , 20:23:19.0173,  31:53:02.305, VLA_CalList
2022+542,J2023+544,        , , , 20:23:55.8440,  54:27:35.828, VLA_CalList
2022+171,J2024+173,        , , , 20:24:56.5634,  17:18:13.197, VLA_CalList
2022+031,J2025+032,        , , , 20:25:09.6321,   3:16:44.505, VLA_CalList
2023+336,J2025+337,        , , , 20:25:10.8420,  33:43:00.214, VLA_CalList
2030+547,J2031+549,        , , , 20:31:47.9585,  54:55:03.140, VLA_CalList
2029+121,J2031+123,        , , , 20:31:54.9942,  12:19:41.340, VLA_CalList
2032+107,J2035+109,        , , , 20:35:22.3333,  10:56:06.789, VLA_CalList
2033+181,J2035+189,        , , , 20:35:33.9804,  18:57:05.351, VLA_CalList
2032-350,J2035-349,        , , , 20:35:47.8091, -34:54:08.925, VLA_CalList
2037+511,J2038+513,3C418   , , , 20:38:37.0347,  51:19:12.662, VLA_CalList
2037-253,J2040-251,        , , , 20:40:08.7728, -25:07:46.662, VLA_CalList
2044-027,J2047-026,3C422   , , , 20:47:10.3514,  -2:36:22.152, VLA_CalList
2044-168,J2047-166,        , , , 20:47:19.6670, -16:39:05.842, VLA_CalList
2046+429,J2048+431,        , , , 20:48:19.5274,  43:10:42.073, VLA_CalList
2047+098,J2049+100,        , , , 20:49:45.8649,  10:03:14.398, VLA_CalList
2047+039,J2050+041,        , , , 20:50:06.2406,   4:07:48.890, VLA_CalList
2048+312,J2050+314,        , , , 20:50:51.1314,  31:27:27.372, VLA_CalList
2051+745,J2051+746,        , , , 20:51:33.7345,  74:41:40.498, VLA_CalList
2049+175,J2051+177,        , , , 20:51:35.5829,  17:43:36.900, VLA_CalList
2050+364,J2052+365,        , , , 20:52:52.0549,  36:35:35.300, VLA_CalList
2054+611,J2055+613,        , , , 20:55:38.8383,  61:22:00.639, VLA_CalList
2055+508,J2057+509,        , , , 20:57:19.9994,  50:58:16.221, VLA_CalList
2054-377,J2057-375,        , , , 20:57:41.6034, -37:34:02.989, VLA_CalList
2058-297,J2101-295,        , , , 21:01:01.6599, -29:33:27.836, VLA_CalList
2059+034,J2101+036,        , , , 21:01:38.8341,   3:41:31.321, VLA_CalList
2058-425,J2101-423,        , , , 21:01:59.1141, -42:19:16.161, VLA_CalList
2104+763,J2104+765,3C427   , , , 21:04:08.9428,  76:33:01.129, VLA_CalList
2105+420,J2107+422,NGC7027 , , , 21:07:01.5930,  42:14:10.186, VLA_CalList
2107+353,J2109+355,        , , , 21:09:31.8787,  35:32:57.597, VLA_CalList
2106-413,J2109-411,        , , , 21:09:33.1885, -41:10:20.605, VLA_CalList
2107-105,J2110-103,        , , , 21:10:00.9790, -10:20:57.319, VLA_CalList
2110-352,J2114-350,        , , , 21:14:03.3425, -35:02:35.632, VLA_CalList
2111-259,J2114-256,        , , , 21:14:40.0404, -25:41:48.835, VLA_CalList
2113+293,J2115+295,        , , , 21:15:29.4134,  29:33:38.366, VLA_CalList
2121+053,J2123+055,        , , , 21:23:44.5173,   5:35:22.093, VLA_CalList
2124+641,J2125+643,        , , , 21:25:27.4470,  64:23:39.354, VLA_CalList
2126-158,J2129-156,        , , , 21:29:12.1759, -15:38:41.040, VLA_CalList
2126-185,J2129-183,        , , , 21:29:21.4190, -18:21:22.790, VLA_CalList
2128+048,J2130+050,        , , , 21:30:32.8774,   5:02:17.474, VLA_CalList
2128-208,J2131-206,        , , , 21:31:01.4866, -20:36:56.376, VLA_CalList
2128-123,J2131-121,        , , , 21:31:35.2617, -12:07:04.795, VLA_CalList
2136+824,J2133+826,        , , , 21:33:34.0798,  82:39:06.052, VLA_CalList
2131-021,J2134-018,        , , , 21:34:10.3096,  -1:53:17.238, VLA_CalList
2134+004,J2136+006,P2134+0 , , , 21:36:38.5862,   0:41:54.213, VLA_CalList
2135-209,J2137-207,        , , , 21:37:50.0018, -20:42:31.751, VLA_CalList
2135-248,J2138-246,        , , , 21:38:37.1811, -24:39:54.466, VLA_CalList
2136+141,J2139+143,        , , , 21:39:01.3092,  14:23:35.991, VLA_CalList
2138+389,J2140+391,        , , , 21:40:16.9471,  39:11:44.854, VLA_CalList
2140-048,J2142-046,        , , , 21:42:36.9016,  -4:37:43.512, VLA_CalList
2143-156,J2146-154,        , , , 21:46:22.9793, -15:25:43.885, VLA_CalList
2144+092,J2147+094,        , , , 21:47:10.1629,   9:29:46.672, VLA_CalList
2145+067,J2148+069,        , , , 21:48:05.4586,   6:57:38.604, VLA_CalList
2146+608,J2148+611,        , , , 21:48:16.0454,  61:07:05.838, VLA_CalList
2146-133,J2149-130,        , , , 21:49:28.6525, -13:04:25.161, VLA_CalList
2147+145,J2150+148,3C437.1 , , , 21:50:23.6016,  14:49:47.908, VLA_CalList
2149+069,J2151+071,        , , , 21:51:31.4293,   7:09:26.783, VLA_CalList
2149+056,J2151+058,        , , , 21:51:37.8755,   5:52:12.954, VLA_CalList
2149-306,J2151-304,        , , , 21:51:55.5240, -30:27:53.698, VLA_CalList
2149-287,J2152-284,        , , , 21:52:03.7352, -28:28:28.218, VLA_CalList
2150+173,J2152+175,        , , , 21:52:24.8194,  17:34:37.794, VLA_CalList
2154+482,J2156+485,        , , , 21:56:37.9064,  48:30:27.590, VLA_CalList
2155-152,J2158-150,        , , , 21:58:06.2819, -15:01:09.328, VLA_CalList
2155-304,J2158-302,        , , , 21:58:52.0650, -30:13:32.118, VLA_CalList
2159+505,J2201+508,        , , , 22:01:43.5372,  50:48:56.388, VLA_CalList
2200+420,J2202+422,BLLAC   , , , 22:02:43.2913,  42:16:39.979, VLA_CalList
2201+315,J2203+317,        , , , 22:03:14.9757,  31:45:38.269, VLA_CalList
2201+624,J2203+626,3C440   , , , 22:03:20.9623,  62:40:34.271, VLA_CalList
2201+171,J2203+174,        , , , 22:03:26.8936,  17:25:48.247, VLA_CalList
2203-188,J2206-185,        , , , 22:06:10.4170, -18:35:38.746, VLA_CalList
2207+374,J2209+377,        , , , 22:09:21.4250,  37:42:18.225, VLA_CalList
2209+236,J2212+239,        , , , 22:12:05.9663,  23:55:40.543, VLA_CalList
2210+016,J2212+018,        , , , 22:12:37.9770,   1:52:51.151, VLA_CalList
2210-257,J2213-254,        , , , 22:13:02.4979, -25:29:30.079, VLA_CalList
2211-388,J2214-385,        , , , 22:14:38.5693, -38:35:45.009, VLA_CalList
2214+350,J2216+353,        , , , 22:16:20.0099,  35:18:14.180, VLA_CalList
2214+241,J2217+243,        , , , 22:17:00.8211,  24:21:45.958, VLA_CalList
2215+020,J2217+023,        , , , 22:17:48.2379,   2:20:10.712, VLA_CalList
2216-038,J2218-035,        , , , 22:18:52.0377,  -3:35:36.879, VLA_CalList
2216-281,J2219-279,        , , , 22:19:40.9420, -27:56:26.860, VLA_CalList
2223+210,J2225+213,        , , , 22:25:38.0471,  21:18:06.414, VLA_CalList
2223-052,J2225-049,3C446   , , , 22:25:47.2592,  -4:57:01.390, VLA_CalList
2224+006,J2226+008,        , , , 22:26:46.5370,   0:52:11.331, VLA_CalList
2227-088,J2229-085,        , , , 22:29:40.0843,  -8:32:54.435, VLA_CalList
2229+695,J2230+697,        , , , 22:30:36.4697,  69:46:28.076, VLA_CalList
2227-399,J2230-397,        , , , 22:30:40.2785, -39:42:52.067, VLA_CalList
2229+539,J2231+541,        , , , 22:31:19.0220,  54:09:35.940, VLA_CalList
2230+114,J2232+117,        , , , 22:32:36.4089,  11:43:50.904, VLA_CalList
2234+282,J2236+284,        , , , 22:36:22.4708,  28:28:57.413, VLA_CalList
2233-148,J2236-145,        , , , 22:36:34.0871, -14:33:22.189, VLA_CalList
2235+731,J2236+733,        , , , 22:36:38.5970,  73:22:52.662, VLA_CalList
2238+410,J2241+413,        , , , 22:41:07.2052,  41:20:11.618, VLA_CalList
2239+096,J2241+098,        , , , 22:41:49.7173,   9:53:52.445, VLA_CalList
2240-260,J2243-257,        , , , 22:43:26.4087, -25:44:30.687, VLA_CalList
2242+031,J2245+034,        , , , 22:45:28.2847,   3:24:08.864, VLA_CalList
2243-123,J2246-121,        , , , 22:46:18.2319, -12:06:51.277, VLA_CalList
2245+029,J2247+031,        , , , 22:47:58.6821,   3:10:42.353, VLA_CalList
2246+370,J2248+373,        , , , 22:48:37.9105,  37:18:12.462, VLA_CalList
2245-328,J2248-325,        , , , 22:48:38.6857, -32:35:52.187, VLA_CalList
2246+208,J2249+211,        , , , 22:49:00.5667,  21:07:02.835, VLA_CalList
2247+113,J2249+116,        , , , 22:49:54.5860,  11:36:30.840, VLA_CalList
2247+140,J2250+143,        , , , 22:50:25.5400,  14:19:50.600, VLA_CalList
2248+712,J2250+714,3C454.1 , , , 22:50:32.5870,  71:29:19.060, VLA_CalList
2248+555,J2250+558,        , , , 22:50:42.8510,  55:50:14.580, VLA_CalList
2249+185,J2251+188,3C454.2 , , , 22:51:34.7386,  18:48:40.145, VLA_CalList
2250+194,J2253+197,        , , , 22:53:07.3691,  19:42:34.628, VLA_CalList
2251+158,J2253+161,3C454.3 , , , 22:53:57.7479,  16:08:53.560, VLA_CalList
2251+244,J2254+247,        , , , 22:54:09.3419,  24:45:23.422, VLA_CalList
2252+129,J2255+132,3C455   , , , 22:55:03.7290,  13:13:33.010, VLA_CalList
2252-089,J2255-087,        , , , 22:55:04.2397,  -8:44:04.021, VLA_CalList
2253+417,J2255+420,        , , , 22:55:36.7078,  42:02:52.532, VLA_CalList
2254-367,J2257-364,        , , , 22:57:10.6141, -36:27:43.710, VLA_CalList
2254+074,J2257+077,        , , , 22:57:17.3031,   7:43:12.302, VLA_CalList
2254+024,J2257+027,        , , , 22:57:17.5630,   2:43:17.511, VLA_CalList
2255+416,J2257+419,        , , , 22:57:22.0729,  41:54:16.530, VLA_CalList
2255-282,J2258-279,        , , , 22:58:05.9628, -27:58:21.256, VLA_CalList
2258+166,J2300+169,        , , , 23:00:42.9941,  16:55:14.401, VLA_CalList
2259+371,J2301+374,        , , , 23:01:27.7374,  37:26:49.243, VLA_CalList
2259-375,J2302-373,        , , , 23:02:23.8905, -37:18:06.842, VLA_CalList
2300+638,J2302+640,        , , , 23:02:41.3152,  64:05:52.851, VLA_CalList
2300-307,J2303-305,        , , , 23:03:05.8211, -30:30:11.473, VLA_CalList
2302+232,J2304+235,        , , , 23:04:36.4364,  23:31:07.610, VLA_CalList
2304+322,J2307+325,        , , , 23:07:15.9125,  32:30:31.936, VLA_CalList
2305+145,J2307+148,        , , , 23:07:33.9664,  14:50:18.405, VLA_CalList
2305-418,J2307-415,        , , , 23:07:54.3358, -41:32:42.812, VLA_CalList
2305+198,J2308+201,        , , , 23:08:11.6364,  20:08:42.194, VLA_CalList
2308+341,J2311+344,        , , , 23:11:05.3290,  34:25:10.900, VLA_CalList
2309+454,J2311+457,        , , , 23:11:47.4089,  45:43:56.016, VLA_CalList
2309+090,J2312+093,3C456   , , , 23:12:28.1210,   9:19:29.483, VLA_CalList
2310+385,J2312+387,        , , , 23:12:58.7940,  38:47:42.660, VLA_CalList
2311-452,J2314-449,        , , , 23:14:09.3828, -44:55:49.237, VLA_CalList
2312-319,J2314-316,        , , , 23:14:48.5006, -31:38:39.526, VLA_CalList
2314+038,J2316+040,3C459   , , , 23:16:35.2098,   4:05:18.148, VLA_CalList
2318+049,J2320+052,        , , , 23:20:44.8565,   5:13:49.952, VLA_CalList
2319+272,J2321+275,        , , , 23:21:59.8622,  27:32:46.443, VLA_CalList
2318-166,J2321-163,        , , , 23:21:01.9589, -16:23:05.187, VLA_CalList
2319+444,J2322+447,        , , , 23:22:20.3580,  44:45:42.353, VLA_CalList
2320+506,J2322+509,        , , , 23:22:25.9821,  50:57:51.963, VLA_CalList
2319+184,J2322+187,        , , , 23:22:28.5688,  18:43:24.898, VLA_CalList
2320+079,J2322+082,        , , , 23:22:36.0894,   8:12:01.592, VLA_CalList
2320-035,J2323-032,        , , , 23:23:31.9537,  -3:17:05.023, VLA_CalList
2321-375,J2324-372,        , , , 23:24:07.1120, -37:14:22.424, VLA_CalList
2322-123,J2325-121,        , , , 23:25:19.7730, -12:07:27.091, VLA_CalList
2323+435,J2325+437,        , , , 23:25:42.3260,  43:46:58.810, VLA_CalList
2323-407,J2326-404,        , , , 23:26:34.1409, -40:27:15.159, VLA_CalList
2325+093,J2327+096,        , , , 23:27:33.5805,   9:40:09.462, VLA_CalList
2325-150,J2327-147,        , , , 23:27:47.9642, -14:47:55.750, VLA_CalList
2327+335,J2330+338,        , , , 23:30:13.7376,  33:48:36.471, VLA_CalList
2328+107,J2330+110,        , , , 23:30:40.8522,  11:00:18.709, VLA_CalList
2329-162,J2331-159,        , , , 23:31:38.6524, -15:56:57.009, VLA_CalList
2329-384,J2331-381,        , , , 23:31:59.4761, -38:11:47.650, VLA_CalList
2330+083,J2332+086,        , , , 23:32:57.5962,   8:38:10.427, VLA_CalList
2330+387,J2333+390,        , , , 23:33:02.5334,  39:01:12.048, VLA_CalList
2331-240,J2333-237,        , , , 23:33:55.2378, -23:43:40.657, VLA_CalList
2331+073,J2334+076,        , , , 23:34:12.8281,   7:36:27.552, VLA_CalList
2335-027,J2337-025,        , , , 23:37:57.3390,  -2:30:57.629, VLA_CalList
2337-334,J2339-331,        , , , 23:39:54.5330, -33:10:16.900, VLA_CalList
2337+264,J2340+266,        , , , 23:40:29.0294,  26:41:56.804, VLA_CalList
2338+132,J2340+135,        , , , 23:40:33.2250,  13:33:00.910, VLA_CalList
2339-353,J2341-351,        , , , 23:41:45.8910, -35:06:22.130, VLA_CalList
2340+233,J2343+236,        , , , 23:43:12.3870,  23:39:45.647, VLA_CalList
2341+535,J2343+538,        , , , 23:43:48.3973,  53:48:40.791, VLA_CalList
2342+821,J2344+824,        , , , 23:44:03.7718,  82:26:40.401, VLA_CalList
2343+657,J2345+659,        , , , 23:45:34.0218,  65:57:18.413, VLA_CalList
2344+092,J2346+095,        , , , 23:46:36.8385,   9:30:45.514, VLA_CalList
2344+068,J2346+070,        , , , 23:46:39.9333,   7:05:06.846, VLA_CalList
2344+429,J2347+431,        , , , 23:47:22.8742,  43:10:53.218, VLA_CalList
2345-167,J2348-165,        , , , 23:48:02.6085, -16:31:12.022, VLA_CalList
2346+385,J2349+387,        , , , 23:49:20.8265,  38:49:17.558, VLA_CalList
2347+108,J2350+111,        , , , 23:50:02.0309,  11:06:36.704, VLA_CalList
2348+643,J2350+646,3C468.1 , , , 23:50:54.9176,  64:40:17.830, VLA_CalList
2351+456,J2354+458,        , , , 23:54:21.6802,  45:53:04.236, VLA_CalList
2351-154,J2354-152,        , , , 23:54:30.1951, -15:13:11.213, VLA_CalList
2352+495,J2355+498,        , , , 23:55:09.4581,  49:50:08.340, VLA_CalList
2353+816,J2356+818,        , , , 23:56:22.7937,  81:52:52.255, VLA_CalList
2354-117,J2357-114,        , , , 23:57:31.1975, -11:25:39.176, VLA_CalList
2355-106,J2358-103,        , , , 23:58:10.8824, -10:20:08.611, VLA_CalList
2356+196,J2358+199,        , , , 23:58:46.0851,  19:55:20.302, VLA_CalList
2356+390,J2358+393,        , , , 23:58:59.8551,  39:22:28.305, VLA_CalList
2356+385,J2359+388,        , , , 23:59:33.1807,  38:50:42.318, VLA_CalList
2357-318,J2359-315,        , , , 23:59:35.4940, -31:33:43.820, VLA_CalList
